Workbook

Sheet Cari Data
A2: =CONCATENATE("*",E2,"*") -> *MUCSPA63640PSIND* | C2: Masukan PPID Lengkap / Kode PPID | D2: : | E2: MUCSPA63640PSIND
D5: :
C6: =IF(E2="","",IF(E7="","Belum terdaftar sebagai AgenPos",""))
C7: Nopend/Kode Dirian | D7: : | E7: =IF(E2="","",IFERROR(VLOOKUP(A2,'Agen CUM'!$P:$CJ,20,FALSE),"")) -> 16412SC
C8: IdLoc | D8: : | E8: =IF(E2="","",IFERROR(VLOOKUP(A2,'Agen CUM'!$P:$CJ,21,FALSE),"")) -> 6a97bdccd1fe1f64120dcc26
C9: User | D9: : | E9: =IF(E2="","",IFERROR(VLOOKUP(A2,'Agen CUM'!$P:$CJ,22,FALSE),"")) -> info@jte.co.id
C10: Pass | D10: : | E10: =IF(E2="","",IFERROR(VLOOKUP(A2,'Agen CUM'!$P:$CJ,23,FALSE),"")) -> #Muc16412SC$
C11: Nama Agenpos | D11: : | E11: =IF(E2="","",IFERROR(VLOOKUP(A2,'Agen CUM'!$P:$CJ,3,FALSE),"")) -> MUC JTE
C12: Alamat Agenpos | D12: : | E12: =IF(E2="","",IFERROR(VLOOKUP(A2,'Agen CUM'!$P:$CJ,6,FALSE),"")) -> Jl. Raden Saleh No.6B, Sukmajaya, Kec. Sukmajaya, Kota Depok, Jawa Barat 16411
C13: Kelurahan | D13: : | E13: =IF(E2="","",IFERROR(VLOOKUP(A2,'Agen CUM'!$P:$CJ,8,FALSE),"")) -> Sukmajaya
C14: Kecamatan | D14: : | E14: =IF(E2="","",IFERROR(VLOOKUP(A2,'Agen CUM'!$P:$CJ,9,FALSE),"")) -> Sukmajaya
C15: Kota/Kab | D15: : | E15: =IF(E2="","",IFERROR(VLOOKUP(A2,'Agen CUM'!$P:$CJ,10,FALSE),"")) -> Depok
C16: Nama Pemilik/Pengelola | D16: : | E16: =IF(E2="","",IFERROR(VLOOKUP(A2,'Agen CUM'!$P:$CJ,4,FALSE),"")) -> ARIYANTO
C17: No Handphone | D17: : | E17: =IF(E2="","",IFERROR(VLOOKUP(A2,'Agen CUM'!$P:$CJ,17,FALSE),"")) -> 08111814351
C18: Email | D18: : | E18: =IF(E2="","",IFERROR(VLOOKUP(A2,'Agen CUM'!$P:$CJ,19,FALSE),"")) -> info@jte.co.id
C19: NIK | D19: : | E19: =IF(E2="","",IFERROR(VLOOKUP(A2,'Agen CUM'!$P:$CJ,13,FALSE),"")) -> 3171031808800013
C20: NPWP | D20: : | E20: =IF(E2="","",IFERROR(VLOOKUP(A2,'Agen CUM'!$P:$CJ,14,FALSE),"")) -> 44.509.760.3-027.000

Sheet Agen CUM
A1: NO | B1: =COUNT(B4:B1049089) -> 0 | C1: =COUNT(C4:#REF!) -> 0 | D1: =COUNT(D4:#REF!) -> 1081 | F1: =COUNT(F4:F1049089) -> 0 | G1: =COUNT(G4:#REF!) -> 819 | I1: =COUNT(I4:I1049089) -> 0 | J1: =COUNT(J4:#REF!) -> 0 | P1: 1 | Q1: 2 | R1: =Q1+1 -> 3 | S1: =R1+1 -> 4 | T1: =S1+1 -> 5 | U1: =T1+1 -> 6 | V1: =U1+1 -> 7 | W1: =V1+1 -> 8 | X1: =W1+1 -> 9 | Y1: =X1+1 -> 10 | ... AP1: =AO1+1 -> 27 | AT1: =AP1+1 -> 28 | AU1: =AT1+1 -> 29 | AV1: =AU1+1 -> 30 | AW1: =AV1+1 -> 31 | AX1: =AW1+1 -> 32 | AY1: =AX1+1 -> 33 | AZ1: =AY1+1 -> 34 | BA1: =AZ1+1 -> 35 | BB1: =BA1+1 -> 36 | ... CD1: =CC1+1 -> 64
B2: STATUS | M2: KURLOG | P2: PPID | Q2: NAMA LOKET DI ONPAYS | R2: NAMA LOKET DI KURLOG | S2: NAMA PEMILIK | U2: ALAMAT LENGKAP | AB2: NO KTP | AC2: NO NPWP | AD2: ELECTRIC AREA | AE2: REKOMENDASI | AF2: NO HP PEMILIK | AG2: NO.HP LOKET | AH2: EMAIL | AI2: NO DIRIAN | AJ2: LOCATION ID | AK2: USER MILE | AL2: PASSWORD MILE | AM2: REGIONAL | AN2: KCU/KC | AO2: NIB ( NO INDUK BERUSAHA) | AP2: NO KBLI | AQ2: NOMOR REKENING | AR2: Nama Bank | AS2: Nama Pemilik | AT2: LATITUDE | AU2: LONGITUDE | AV2: KELENGKAPAN ADMIN | AZ2: PKS | BF2: PERANGKAT | BK2: DATA PENGGANTI KARENA MASALAH NIB | BX2: JENIS USAHA AGEN
B3: SYARAT | C3: PENGAJUAN SURVEY KE POS | D3: PENGAJUAN POS | E3: PENDAFTARAN KURLOG | F3: KELENGKAPAN PERANGKAT | G3: AKTIVASI KURLOG | H3: AKTIVASI SICEPAT | I3: TRAINING | J3: TRANSAKSI | K3: CATATAN | L3: waktu | M3: POS + PPOB | N3: POS ONLY | O3: SICEPAT | T3: ALAMAT PEMIILIK KTP | U3: ALAMAT LENGKAP LOKET | V3: RT/RW | W3: KEL/DESA | X3: KEC | Y3: KAB/KOT | Z3: PROPINSI | AA3: KODE POS | AV3: FORMULIR | AW3: FORM AJUAN POS | AX3: BELUM DIKIRIM | AY3: SUDAH DIKIRIM BELUM KEMBALI | AZ3: SUDAH DIKIRIM SUDAH KEMBALI | BA3: KTP | BB3: NPWP | BC3: NIB | BD3: KBLI | BE3: FOTO TAMPAK DEPAN LOKET | BF3: KOMPUTER/LAPTOP | BG3: HP ANDROID | BH3: PRINTER STICKER | BI3: TIMBANGAN DIGITAL | BJ3: KERTAS STICKER | BK3: ATK DARI POS | BL3: POLA DANA | BM3: NAMA | BN3: ALAMAT | BO3: NO KTP | BP3: TANGGAL LAHIR | BQ3: NPWP | BR3: TELP | BS3: EMAIL | BT3: STATUS | BX3: KATEGORI | BY3: POS | BZ3: SPX | CA3: Lion Parcel | CB3: wahana | CC3: JNT CARGO | CD3: JNT EXPRESS | CE3: SICEPAT | CF3: JNE | CG3: TIKI | CH3: SAP | CI3: ID EXPRESS | CJ3: ANTERAJA | CL3: LEX ID
A4: =IFERROR(__xludf.DUMMYFUNCTION("QUERY(IMPORTRANGE(""https://docs.google.com/spreadsheets/d/1_5pr7i179ukUeMStgLt8tDyJl04piFhnAUYWtrScCDU/edit?pli=1&gid=1386834576#gid=1386834576"", ""'DATLENG'!A4:CK""), ""SELECT * WHERE Col1 IS NOT NULL"", 0)"),1.0) -> 1 | B4: =IFERROR(__xludf.DUMMYFUNCTION("""COMPUTED_VALUE"""),"11 Januari 2022") -> 11 Januari 2022 | C4: =IFERROR(__xludf.DUMMYFUNCTION("""COMPUTED_VALUE"""),"11 Januari 2022") -> 11 Januari 2022 | F4: =IFERROR(__xludf.DUMMYFUNCTION("""COMPUTED_VALUE"""),"3 OKTOBER 2022") -> 3 OKTOBER 2022 | G4: =IFERROR(__xludf.DUMMYFUNCTION("""COMPUTED_VALUE"""),44837.0) -> 44837 | I4: =IFERROR(__xludf.DUMMYFUNCTION("""COMPUTED_VALUE"""),"3/10/2022") -> 3/10/2022 | J4: =IFERROR(__xludf.DUMMYFUNCTION("""COMPUTED_VALUE"""),"3/10/2022") -> 3/10/2022 | P4: =IFERROR(__xludf.DUMMYFUNCTION("""COMPUTED_VALUE"""),"53BSPA29321JBNDS") -> 53BSPA29321JBNDS | Q4: =IFERROR(__xludf.DUMMYFUNCTION("""COMPUTED_VALUE"""),"ALBI") -> ALBI | R4: =IFERROR(__xludf.DUMMYFUNCTION("""COMPUTED_VALUE"""),"IND EXPRESS") -> IND EXPRESS | S4: =IFERROR(__xludf.DUMMYFUNCTION("""COMPUTED_VALUE"""),"Ucup Taojiri") -> Ucup Taojiri | T4: =IFERROR(__xludf.DUMMYFUNCTION("""COMPUTED_VALUE"""),"Panyalahan Rt03 Rw04 Ds. Sinargalih Kec. Lemahsugih Kab Majelangka Jawa Barat") -> Panyalahan Rt03 Rw04 Ds. Sinargalih Kec. Lemahsugih Kab Majelangka Jawa Barat | U4: =IFERROR(__xludf.DUMMYFUNCTION("""COMPUTED_VALUE"""),"Jl Raya Siliwangi No 119 Bantarujeg Blok Cigedang RT 01 RW 07 Kab Majalengka Jawa Barat 45464") -> Jl Raya Siliwangi No 119 Bantarujeg Blok Cigedang RT 01 RW 07 Kab Majalengka Jawa Barat 45464 | V4: =IFERROR(__xludf.DUMMYFUNCTION("""COMPUTED_VALUE"""),"RT01 RW 07") -> RT01 RW 07 | W4: =IFERROR(__xludf.DUMMYFUNCTION("""COMPUTED_VALUE"""),"SINARGALIH") -> SINARGALIH | X4: =IFERROR(__xludf.DUMMYFUNCTION("""COMPUTED_VALUE"""),"Lemahsugih") -> Lemahsugih | Y4: =IFERROR(__xludf.DUMMYFUNCTION("""COMPUTED_VALUE"""),"Majalengka") -> Majalengka | Z4: =IFERROR(__xludf.DUMMYFUNCTION("""COMPUTED_VALUE"""),"JAWA BARAT") -> JAWA BARAT | AA4: =IFERROR(__xludf.DUMMYFUNCTION("""COMPUTED_VALUE"""),"45464") -> 45464 | AB4: =IFERROR(__xludf.DUMMYFUNCTION("""COMPUTED_VALUE"""),"3210010804830141") -> 3210010804830141 | AC4: =IFERROR(__xludf.DUMMYFUNCTION("""COMPUTED_VALUE"""),"93.567.420.0-438.000") -> 93.567.420.0-438.000 | AD4: =IFERROR(__xludf.DUMMYFUNCTION("""COMPUTED_VALUE"""),"CUM - NDS") -> CUM - NDS | AE4: =IFERROR(__xludf.DUMMYFUNCTION("""COMPUTED_VALUE"""),"SUB NURUL DIMAS") -> SUB NURUL DIMAS | AF4: =IFERROR(__xludf.DUMMYFUNCTION("""COMPUTED_VALUE"""),"081313061606") -> 081313061606 | AG4: =IFERROR(__xludf.DUMMYFUNCTION("""COMPUTED_VALUE"""),"081313061606") -> 081313061606 | AH4: =IFERROR(__xludf.DUMMYFUNCTION("""COMPUTED_VALUE"""),"yusuftaojiri83@gmail.com") -> yusuftaojiri83@gmail.com | AI4: =IFERROR(__xludf.DUMMYFUNCTION("""COMPUTED_VALUE"""),"45465S1") -> 45465S1 | AJ4: =IFERROR(__xludf.DUMMYFUNCTION("""COMPUTED_VALUE"""),"6211a4edde67be2ec0415b34") -> 6211a4edde67be2ec0415b34 | AK4: =IFERROR(__xludf.DUMMYFUNCTION("""COMPUTED_VALUE"""),"dm45465s1") -> dm45465s1 | AL4: =IFERROR(__xludf.DUMMYFUNCTION("""COMPUTED_VALUE"""),"password") -> password | AM4: =IFERROR(__xludf.DUMMYFUNCTION("""COMPUTED_VALUE"""),"KANTOR REGIONAL III BANDUNG 40004") -> KANTOR REGIONAL III BANDUNG 40004 | AN4: =IFERROR(__xludf.DUMMYFUNCTION("""COMPUTED_VALUE"""),"KPRK MAJALENGKA 45400") -> KPRK MAJALENGKA 45400 | AO4: =IFERROR(__xludf.DUMMYFUNCTION("""COMPUTED_VALUE"""),"0308220037226") -> 0308220037226 | AP4: =IFERROR(__xludf.DUMMYFUNCTION("""COMPUTED_VALUE"""),"03082200372260001") -> 03082200372260001 | AT4: =IFERROR(__xludf.DUMMYFUNCTION("""COMPUTED_VALUE"""),"-69,735,611") -> -69,735,611 | AU4: =IFERROR(__xludf.DUMMYFUNCTION("""COMPUTED_VALUE"""),"108,2385667") -> 108,2385667 | AV4: =IFERROR(__xludf.DUMMYFUNCTION("""COMPUTED_VALUE"""),"ADA") -> ADA | AW4: =IFERROR(__xludf.DUMMYFUNCTION("""COMPUTED_VALUE"""),"ADA") -> ADA | BA4: =IFERROR(__xludf.DUMMYFUNCTION("""COMPUTED_VALUE"""),"ADA") -> ADA | BB4: =IFERROR(__xludf.DUMMYFUNCTION("""COMPUTED_VALUE"""),"ADA") -> ADA | BC4: =IFERROR(__xludf.DUMMYFUNCTION("""COMPUTED_VALUE"""),"ADA") -> ADA | BD4: =IFERROR(__xludf.DUMMYFUNCTION("""COMPUTED_VALUE"""),"ADA") -> ADA | BE4: =IFERROR(__xludf.DUMMYFUNCTION("""COMPUTED_VALUE"""),"ADA") -> ADA | BF4: =IFERROR(__xludf.DUMMYFUNCTION("""COMPUTED_VALUE"""),"ADA") -> ADA | BG4: =IFERROR(__xludf.DUMMYFUNCTION("""COMPUTED_VALUE"""),"ADA") -> ADA | BH4: =IFERROR(__xludf.DUMMYFUNCTION("""COMPUTED_VALUE"""),"CANON IP 2770") -> CANON IP 2770 | BI4: =IFERROR(__xludf.DUMMYFUNCTION("""COMPUTED_VALUE"""),"ADA") -> ADA | BJ4: =IFERROR(__xludf.DUMMYFUNCTION("""COMPUTED_VALUE"""),"KERTAS HVS") -> KERTAS HVS | BK4: =IFERROR(__xludf.DUMMYFUNCTION("""COMPUTED_VALUE"""),"TIDAK ADA") -> TIDAK ADA | BL4: =IFERROR(__xludf.DUMMYFUNCTION("""COMPUTED_VALUE"""),"DEPOSIT") -> DEPOSIT | BN4: =IFERROR(__xludf.DUMMYFUNCTION("""COMPUTED_VALUE"""),"panyalahan rt.003/004 kel.sinargalih kec.lemahsugih kab.majalengka") -> panyalahan rt.003/004 kel.sinargalih kec.lemahsugih kab.majalengka | BO4: =IFERROR(__xludf.DUMMYFUNCTION("""COMPUTED_VALUE"""),"3210017012890001") -> 3210017012890001 | BP4: =IFERROR(__xludf.DUMMYFUNCTION("""COMPUTED_VALUE"""),"30-12-1989") -> 30-12-1989 | BQ4: =IFERROR(__xludf.DUMMYFUNCTION("""COMPUTED_VALUE"""),"93.567.420.0-438.000") -> 93.567.420.0-438.000 | BR4: =IFERROR(__xludf.DUMMYFUNCTION("""COMPUTED_VALUE"""),"85351152899") -> 85351152899 | BS4: =IFERROR(__xludf.DUMMYFUNCTION("""COMPUTED_VALUE"""),"albyizladp93@gmail.com") -> albyizladp93@gmail.com | BT4: =IFERROR(__xludf.DUMMYFUNCTION("""COMPUTED_VALUE"""),"ISTRI PEMILIK SEBELUMNYA") -> ISTRI PEMILIK SEBELUMNYA | BU4: =IFERROR(__xludf.DUMMYFUNCTION("""COMPUTED_VALUE"""),"perangkat sudah lengkap,,petugas Pos siap membantu") -> perangkat sudah lengkap,,petugas Pos siap membantu | BV4: =IFERROR(__xludf.DUMMYFUNCTION("""COMPUTED_VALUE"""),"Panyalahan Rt03 Rw04 Ds. Sinargalih Kec. Lemahsugih Kab Majelangka Jawa Barat") -> Panyalahan Rt03 Rw04 Ds. Sinargalih Kec. Lemahsugih Kab Majelangka Jawa Barat
A5: =IFERROR(__xludf.DUMMYFUNCTION("""COMPUTED_VALUE"""),2.0) -> 2 | B5: =IFERROR(__xludf.DUMMYFUNCTION("""COMPUTED_VALUE""")," 11 Januari 2022") -> 11 Januari 2022 | C5: =IFERROR(__xludf.DUMMYFUNCTION("""COMPUTED_VALUE""")," 11 Januari 2022") -> 11 Januari 2022 | F5: =IFERROR(__xludf.DUMMYFUNCTION("""COMPUTED_VALUE"""),"7 OKTOBER 2022") -> 7 OKTOBER 2022 | G5: =IFERROR(__xludf.DUMMYFUNCTION("""COMPUTED_VALUE"""),44841.0) -> 44841 | I5: =IFERROR(__xludf.DUMMYFUNCTION("""COMPUTED_VALUE"""),"7/10/2022") -> 7/10/2022 | J5: =IFERROR(__xludf.DUMMYFUNCTION("""COMPUTED_VALUE"""),"10/10/2022") -> 10/10/2022 | P5: =IFERROR(__xludf.DUMMYFUNCTION("""COMPUTED_VALUE"""),"53BSPA06520JBHDT") -> 53BSPA06520JBHDT | Q5: =IFERROR(__xludf.DUMMYFUNCTION("""COMPUTED_VALUE"""),"ADVAN") -> ADVAN | R5: =IFERROR(__xludf.DUMMYFUNCTION("""COMPUTED_VALUE"""),"ADVAN") -> ADVAN | S5: =IFERROR(__xludf.DUMMYFUNCTION("""COMPUTED_VALUE"""),"Tri Berkah Komunika") -> Tri Berkah Komunika | T5: =IFERROR(__xludf.DUMMYFUNCTION("""COMPUTED_VALUE"""),"Ruby Residence No.5 Jalan Palgenep Margahayu Selatan Kab Bandung Jawa Barat") -> Ruby Residence No.5 Jalan Palgenep Margahayu Selatan Kab Bandung Jawa Barat | U5: =IFERROR(__xludf.DUMMYFUNCTION("""COMPUTED_VALUE""")," JL.AHMAD YANI 221-223, RUKO SEGITIGAMAS KOSAMBI BLOK F9") -> JL.AHMAD YANI 221-223, RUKO SEGITIGAMAS KOSAMBI BLOK F9 | V5: =IFERROR(__xludf.DUMMYFUNCTION("""COMPUTED_VALUE"""),"006/005") -> 006/005 | W5: =IFERROR(__xludf.DUMMYFUNCTION("""COMPUTED_VALUE"""),"Merdeka") -> Merdeka | X5: =IFERROR(__xludf.DUMMYFUNCTION("""COMPUTED_VALUE"""),"Sumur Bandung") -> Sumur Bandung | Y5: =IFERROR(__xludf.DUMMYFUNCTION("""COMPUTED_VALUE"""),"Kota Bandung") -> Kota Bandung | Z5: =IFERROR(__xludf.DUMMYFUNCTION("""COMPUTED_VALUE"""),"JAWA BARAT") -> JAWA BARAT | AA5: =IFERROR(__xludf.DUMMYFUNCTION("""COMPUTED_VALUE"""),"40113") -> 40113 | AB5: =IFERROR(__xludf.DUMMYFUNCTION("""COMPUTED_VALUE"""),"3204103105820004") -> 3204103105820004 | AC5: =IFERROR(__xludf.DUMMYFUNCTION("""COMPUTED_VALUE"""),"96.937.067.5-445.000 / 54.709.885.5-445.000") -> 96.937.067.5-445.000 / 54.709.885.5-445.000 | AD5: =IFERROR(__xludf.DUMMYFUNCTION("""COMPUTED_VALUE"""),"CUM - HDT") -> CUM - HDT | AE5: =IFERROR(__xludf.DUMMYFUNCTION("""COMPUTED_VALUE"""),"Sub Hidayat") -> Sub Hidayat | AF5: =IFERROR(__xludf.DUMMYFUNCTION("""COMPUTED_VALUE"""),"085225006163") -> 085225006163 | AG5: =IFERROR(__xludf.DUMMYFUNCTION("""COMPUTED_VALUE"""),"085225006163") -> 085225006163 | AH5: =IFERROR(__xludf.DUMMYFUNCTION("""COMPUTED_VALUE"""),"triberkahkomunika@gmail.com") -> triberkahkomunika@gmail.com | AI5: =IFERROR(__xludf.DUMMYFUNCTION("""COMPUTED_VALUE"""),"40113S2") -> 40113S2 | AJ5: =IFERROR(__xludf.DUMMYFUNCTION("""COMPUTED_VALUE"""),"620f44fde73af431f508dd63") -> 620f44fde73af431f508dd63 | AK5: =IFERROR(__xludf.DUMMYFUNCTION("""COMPUTED_VALUE"""),"dm40113s2") -> dm40113s2 | AL5: =IFERROR(__xludf.DUMMYFUNCTION("""COMPUTED_VALUE"""),"password") -> password | AM5: =IFERROR(__xludf.DUMMYFUNCTION("""COMPUTED_VALUE"""),"KANTOR REGIONAL III BANDUNG 40004") -> KANTOR REGIONAL III BANDUNG 40004 | AN5: =IFERROR(__xludf.DUMMYFUNCTION("""COMPUTED_VALUE"""),"SPP BANDUNG 40400") -> SPP BANDUNG 40400 | AO5: =IFERROR(__xludf.DUMMYFUNCTION("""COMPUTED_VALUE"""),"'0308220016199") -> '0308220016199 | AP5: =IFERROR(__xludf.DUMMYFUNCTION("""COMPUTED_VALUE"""),"03082200161990001") -> 03082200161990001 | AT5: =IFERROR(__xludf.DUMMYFUNCTION("""COMPUTED_VALUE"""),"-6.9192693") -> -6.9192693 | AU5: =IFERROR(__xludf.DUMMYFUNCTION("""COMPUTED_VALUE"""),"107.6267906") -> 107.6267906 | AV5: =IFERROR(__xludf.DUMMYFUNCTION("""COMPUTED_VALUE"""),"BELUM ADA") -> BELUM ADA | AW5: =IFERROR(__xludf.DUMMYFUNCTION("""COMPUTED_VALUE"""),"ADA") -> ADA | BA5: =IFERROR(__xludf.DUMMYFUNCTION("""COMPUTED_VALUE"""),"ADA") -> ADA | BB5: =IFERROR(__xludf.DUMMYFUNCTION("""COMPUTED_VALUE"""),"ADA") -> ADA | BC5: =IFERROR(__xludf.DUMMYFUNCTION("""COMPUTED_VALUE"""),"ADA") -> ADA | BD5: =IFERROR(__xludf.DUMMYFUNCTION("""COMPUTED_VALUE"""),"ADA") -> ADA | BE5: =IFERROR(__xludf.DUMMYFUNCTION("""COMPUTED_VALUE"""),"ADA") -> ADA | BF5: =IFERROR(__xludf.DUMMYFUNCTION("""COMPUTED_VALUE"""),"ADA") -> ADA | BG5: =IFERROR(__xludf.DUMMYFUNCTION("""COMPUTED_VALUE"""),"ADA") -> ADA | BH5: =IFERROR(__xludf.DUMMYFUNCTION("""COMPUTED_VALUE"""),"ZJIANG 9200 BLUETOOTH") -> ZJIANG 9200 BLUETOOTH | BI5: =IFERROR(__xludf.DUMMYFUNCTION("""COMPUTED_VALUE"""),"ADA") -> ADA | BJ5: =IFERROR(__xludf.DUMMYFUNCTION("""COMPUTED_VALUE"""),"ADA") -> ADA | BK5: =IFERROR(__xludf.DUMMYFUNCTION("""COMPUTED_VALUE"""),"TIDAK ADA") -> TIDAK ADA | BL5: =IFERROR(__xludf.DUMMYFUNCTION("""COMPUTED_VALUE"""),"DEPOSIT") -> DEPOSIT | BV5: =IFERROR(__xludf.DUMMYFUNCTION("""COMPUTED_VALUE"""),"Ruby Residence No.5 Jalan Palgenep Margahayu Selatan Kab Bandung Jawa Barat") -> Ruby Residence No.5 Jalan Palgenep Margahayu Selatan Kab Bandung Jawa Barat
A6: =IFERROR(__xludf.DUMMYFUNCTION("""COMPUTED_VALUE"""),3.0) -> 3 | B6: =IFERROR(__xludf.DUMMYFUNCTION("""COMPUTED_VALUE""")," 11 Januari 2022") -> 11 Januari 2022 | C6: =IFERROR(__xludf.DUMMYFUNCTION("""COMPUTED_VALUE""")," 11 Januari 2022") -> 11 Januari 2022 | F6: =IFERROR(__xludf.DUMMYFUNCTION("""COMPUTED_VALUE"""),"7 OKTOBER 2022") -> 7 OKTOBER 2022 | G6: =IFERROR(__xludf.DUMMYFUNCTION("""COMPUTED_VALUE"""),44789.0) -> 44789 | I6: =IFERROR(__xludf.DUMMYFUNCTION("""COMPUTED_VALUE"""),"1/10/2022") -> 1/10/2022 | J6: =IFERROR(__xludf.DUMMYFUNCTION("""COMPUTED_VALUE"""),"23/08/2022") -> 23/08/2022 | P6: =IFERROR(__xludf.DUMMYFUNCTION("""COMPUTED_VALUE"""),"53BSPA23563JBRND") -> 53BSPA23563JBRND | Q6: =IFERROR(__xludf.DUMMYFUNCTION("""COMPUTED_VALUE"""),"IND") -> IND | R6: =IFERROR(__xludf.DUMMYFUNCTION("""COMPUTED_VALUE"""),"KARYANO") -> KARYANO | S6: =IFERROR(__xludf.DUMMYFUNCTION("""COMPUTED_VALUE"""),"Karyano") -> Karyano | T6: =IFERROR(__xludf.DUMMYFUNCTION("""COMPUTED_VALUE"""),"Desa Panjalin Lor Rt 02 Rw 01 Kel Panjalin Lor Kec Sumber Jaya Kab Majalengka Jawa Barat 45455") -> Desa Panjalin Lor Rt 02 Rw 01 Kel Panjalin Lor Kec Sumber Jaya Kab Majalengka Jawa Barat 45455 | U6: =IFERROR(__xludf.DUMMYFUNCTION("""COMPUTED_VALUE"""),"DESA PANJALIN LOR RT 02 RW 01") -> DESA PANJALIN LOR RT 02 RW 01 | V6: =IFERROR(__xludf.DUMMYFUNCTION("""COMPUTED_VALUE"""),"002/001") -> 002/001 | W6: =IFERROR(__xludf.DUMMYFUNCTION("""COMPUTED_VALUE"""),"PANJALIN LOR") -> PANJALIN LOR | X6: =IFERROR(__xludf.DUMMYFUNCTION("""COMPUTED_VALUE"""),"SUMBER JAYA") -> SUMBER JAYA | Y6: =IFERROR(__xludf.DUMMYFUNCTION("""COMPUTED_VALUE"""),"KAB. MAJALENGKA") -> KAB. MAJALENGKA | Z6: =IFERROR(__xludf.DUMMYFUNCTION("""COMPUTED_VALUE"""),"JAWA BARAT") -> JAWA BARAT | AA6: =IFERROR(__xludf.DUMMYFUNCTION("""COMPUTED_VALUE"""),"45455") -> 45455 | AB6: =IFERROR(__xludf.DUMMYFUNCTION("""COMPUTED_VALUE"""),"3210171809750021") -> 3210171809750021 | AC6: =IFERROR(__xludf.DUMMYFUNCTION("""COMPUTED_VALUE"""),"95.514.434.0-438.000") -> 95.514.434.0-438.000 | AD6: =IFERROR(__xludf.DUMMYFUNCTION("""COMPUTED_VALUE"""),"CUM - NDS") -> CUM - NDS | AE6: =IFERROR(__xludf.DUMMYFUNCTION("""COMPUTED_VALUE"""),"SUB NURUL DIMAS") -> SUB NURUL DIMAS | AF6: =IFERROR(__xludf.DUMMYFUNCTION("""COMPUTED_VALUE"""),"081324512860") -> 081324512860 | AG6: =IFERROR(__xludf.DUMMYFUNCTION("""COMPUTED_VALUE"""),"081324512860") -> 081324512860 | AH6: =IFERROR(__xludf.DUMMYFUNCTION("""COMPUTED_VALUE"""),"karyano1975@gmail.com") -> karyano1975@gmail.com | AI6: =IFERROR(__xludf.DUMMYFUNCTION("""COMPUTED_VALUE"""),"45455S2") -> 45455S2 | AJ6: =IFERROR(__xludf.DUMMYFUNCTION("""COMPUTED_VALUE"""),"6211a3ce5bb90f52364e0b09") -> 6211a3ce5bb90f52364e0b09 | AK6: =IFERROR(__xludf.DUMMYFUNCTION("""COMPUTED_VALUE"""),"dm45455s2") -> dm45455s2 | AL6: =IFERROR(__xludf.DUMMYFUNCTION("""COMPUTED_VALUE"""),"password") -> password | AM6: =IFERROR(__xludf.DUMMYFUNCTION("""COMPUTED_VALUE"""),"KANTOR REGIONAL III BANDUNG 40004") -> KANTOR REGIONAL III BANDUNG 40004 | AN6: =IFERROR(__xludf.DUMMYFUNCTION("""COMPUTED_VALUE"""),"KPRK MAJALENGKA 45400") -> KPRK MAJALENGKA 45400 | AO6: =IFERROR(__xludf.DUMMYFUNCTION("""COMPUTED_VALUE"""),"0208220052716") -> 0208220052716 | AP6: =IFERROR(__xludf.DUMMYFUNCTION("""COMPUTED_VALUE"""),"02082200527160001") -> 02082200527160001 | AT6: =IFERROR(__xludf.DUMMYFUNCTION("""COMPUTED_VALUE"""),"-66,841,102") -> -66,841,102 | AU6: =IFERROR(__xludf.DUMMYFUNCTION("""COMPUTED_VALUE"""),"1,083,501,149") -> 1,083,501,149 | AV6: =IFERROR(__xludf.DUMMYFUNCTION("""COMPUTED_VALUE"""),"ADA") -> ADA | AW6: =IFERROR(__xludf.DUMMYFUNCTION("""COMPUTED_VALUE"""),"ADA") -> ADA | BA6: =IFERROR(__xludf.DUMMYFUNCTION("""COMPUTED_VALUE"""),"ADA") -> ADA | BB6: =IFERROR(__xludf.DUMMYFUNCTION("""COMPUTED_VALUE"""),"ADA") -> ADA | BC6: =IFERROR(__xludf.DUMMYFUNCTION("""COMPUTED_VALUE"""),"ADA") -> ADA | BD6: =IFERROR(__xludf.DUMMYFUNCTION("""COMPUTED_VALUE"""),"ADA") -> ADA | BE6: =IFERROR(__xludf.DUMMYFUNCTION("""COMPUTED_VALUE"""),"ADA") -> ADA | BF6: =IFERROR(__xludf.DUMMYFUNCTION("""COMPUTED_VALUE"""),"ADA") -> ADA | BG6: =IFERROR(__xludf.DUMMYFUNCTION("""COMPUTED_VALUE"""),"ADA") -> ADA | BH6: =IFERROR(__xludf.DUMMYFUNCTION("""COMPUTED_VALUE"""),"CANON G1010") -> CANON G1010 | BI6: =IFERROR(__xludf.DUMMYFUNCTION("""COMPUTED_VALUE"""),"ADA") -> ADA | BJ6: =IFERROR(__xludf.DUMMYFUNCTION("""COMPUTED_VALUE"""),"KERTAS HVS") -> KERTAS HVS | BK6: =IFERROR(__xludf.DUMMYFUNCTION("""COMPUTED_VALUE"""),"TIDAK ADA") -> TIDAK ADA | BL6: =IFERROR(__xludf.DUMMYFUNCTION("""COMPUTED_VALUE"""),"PLAFON") -> PLAFON | BV6: =IFERROR(__xludf.DUMMYFUNCTION("""COMPUTED_VALUE"""),"Desa Panjalin Lor Rt 02 Rw 01 Kel Panjalin Lor Kec Sumber Jaya Kab Majalengka Jawa Barat 45455") -> Desa Panjalin Lor Rt 02 Rw 01 Kel Panjalin Lor Kec Sumber Jaya Kab Majalengka Jawa Barat 45455
A7: =IFERROR(__xludf.DUMMYFUNCTION("""COMPUTED_VALUE"""),4.0) -> 4 | B7: =IFERROR(__xludf.DUMMYFUNCTION("""COMPUTED_VALUE"""),"20 Januari 2022") -> 20 Januari 2022 | C7: =IFERROR(__xludf.DUMMYFUNCTION("""COMPUTED_VALUE"""),"20 Januari 2022") -> 20 Januari 2022 | F7: =IFERROR(__xludf.DUMMYFUNCTION("""COMPUTED_VALUE"""),"6 OKTOBER 2022") -> 6 OKTOBER 2022 | G7: =IFERROR(__xludf.DUMMYFUNCTION("""COMPUTED_VALUE"""),44839.0) -> 44839 | I7: =IFERROR(__xludf.DUMMYFUNCTION("""COMPUTED_VALUE"""),"6/10/2022") -> 6/10/2022 | J7: =IFERROR(__xludf.DUMMYFUNCTION("""COMPUTED_VALUE"""),"23/12/2022") -> 23/12/2022 | P7: =IFERROR(__xludf.DUMMYFUNCTION("""COMPUTED_VALUE"""),"53BSPA16129JBNDS") -> 53BSPA16129JBNDS | Q7: =IFERROR(__xludf.DUMMYFUNCTION("""COMPUTED_VALUE"""),"DODON CELL") -> DODON CELL | R7: =IFERROR(__xludf.DUMMYFUNCTION("""COMPUTED_VALUE"""),"DODON CELL") -> DODON CELL | S7: =IFERROR(__xludf.DUMMYFUNCTION("""COMPUTED_VALUE"""),"Suhardi") -> Suhardi | T7: =IFERROR(__xludf.DUMMYFUNCTION("""COMPUTED_VALUE"""),"Dalam Desa Rt 001 Rw 001 Kel Pakembangan Kec Garawangi Kab Kuningan Jawa Barat 45571") -> Dalam Desa Rt 001 Rw 001 Kel Pakembangan Kec Garawangi Kab Kuningan Jawa Barat 45571 | U7: =IFERROR(__xludf.DUMMYFUNCTION("""COMPUTED_VALUE"""),"Dalam Desa Rt 001 RW 001 Kel Pakembangan Kec Garawangi Kab Kuningan Jawa Barat 45571") -> Dalam Desa Rt 001 RW 001 Kel Pakembangan Kec Garawangi Kab Kuningan Jawa Barat 45571 | V7: =IFERROR(__xludf.DUMMYFUNCTION("""COMPUTED_VALUE"""),"001/001") -> 001/001 | W7: =IFERROR(__xludf.DUMMYFUNCTION("""COMPUTED_VALUE"""),"Pakembangan") -> Pakembangan | X7: =IFERROR(__xludf.DUMMYFUNCTION("""COMPUTED_VALUE"""),"Garawangi") -> Garawangi | Y7: =IFERROR(__xludf.DUMMYFUNCTION("""COMPUTED_VALUE"""),"Kuningan") -> Kuningan | Z7: =IFERROR(__xludf.DUMMYFUNCTION("""COMPUTED_VALUE"""),"JAWA BARAT") -> JAWA BARAT | AA7: =IFERROR(__xludf.DUMMYFUNCTION("""COMPUTED_VALUE"""),"45571") -> 45571 | AB7: =IFERROR(__xludf.DUMMYFUNCTION("""COMPUTED_VALUE"""),"3208081507750006") -> 3208081507750006 | AC7: =IFERROR(__xludf.DUMMYFUNCTION("""COMPUTED_VALUE"""),"82.640.029.3-438.000") -> 82.640.029.3-438.000 | AD7: =IFERROR(__xludf.DUMMYFUNCTION("""COMPUTED_VALUE"""),"CUM - NDS") -> CUM - NDS | AE7: =IFERROR(__xludf.DUMMYFUNCTION("""COMPUTED_VALUE"""),"SUB NURUL DIMAS") -> SUB NURUL DIMAS | AF7: =IFERROR(__xludf.DUMMYFUNCTION("""COMPUTED_VALUE"""),"087893435753") -> 087893435753 | AG7: =IFERROR(__xludf.DUMMYFUNCTION("""COMPUTED_VALUE"""),"087893435753") -> 087893435753 | AH7: =IFERROR(__xludf.DUMMYFUNCTION("""COMPUTED_VALUE"""),"dodoncell@gmail.com") -> dodoncell@gmail.com | AI7: =IFERROR(__xludf.DUMMYFUNCTION("""COMPUTED_VALUE"""),"45571S1") -> 45571S1 | AJ7: =IFERROR(__xludf.DUMMYFUNCTION("""COMPUTED_VALUE"""),"6210ec2857f5ac485347ddd9") -> 6210ec2857f5ac485347ddd9 | AK7: =IFERROR(__xludf.DUMMYFUNCTION("""COMPUTED_VALUE"""),"dm45571s1") -> dm45571s1 | AL7: =IFERROR(__xludf.DUMMYFUNCTION("""COMPUTED_VALUE"""),"password") -> password | AM7: =IFERROR(__xludf.DUMMYFUNCTION("""COMPUTED_VALUE"""),"KANTOR REGIONAL III BANDUNG 40004") -> KANTOR REGIONAL III BANDUNG 40004 | AN7: =IFERROR(__xludf.DUMMYFUNCTION("""COMPUTED_VALUE"""),"KPRK KUNINGAN 45500") -> KPRK KUNINGAN 45500 | AO7: =IFERROR(__xludf.DUMMYFUNCTION("""COMPUTED_VALUE"""),"0208220057532") -> 0208220057532 | AP7: =IFERROR(__xludf.DUMMYFUNCTION("""COMPUTED_VALUE"""),"02082200575320001") -> 02082200575320001 | AT7: =IFERROR(__xludf.DUMMYFUNCTION("""COMPUTED_VALUE"""),"-70,135,689") -> -70,135,689 | AU7: =IFERROR(__xludf.DUMMYFUNCTION("""COMPUTED_VALUE"""),"1,085,190,858") -> 1,085,190,858 | AV7: =IFERROR(__xludf.DUMMYFUNCTION("""COMPUTED_VALUE"""),"ADA") -> ADA | AW7: =IFERROR(__xludf.DUMMYFUNCTION("""COMPUTED_VALUE"""),"ADA") -> ADA | BA7: =IFERROR(__xludf.DUMMYFUNCTION("""COMPUTED_VALUE"""),"ADA") -> ADA | BB7: =IFERROR(__xludf.DUMMYFUNCTION("""COMPUTED_VALUE"""),"ADA") -> ADA | BC7: =IFERROR(__xludf.DUMMYFUNCTION("""COMPUTED_VALUE"""),"ADA") -> ADA | BD7: =IFERROR(__xludf.DUMMYFUNCTION("""COMPUTED_VALUE"""),"ADA") -> ADA | BE7: =IFERROR(__xludf.DUMMYFUNCTION("""COMPUTED_VALUE"""),"ADA") -> ADA | BF7: =IFERROR(__xludf.DUMMYFUNCTION("""COMPUTED_VALUE"""),"ADA") -> ADA | BG7: =IFERROR(__xludf.DUMMYFUNCTION("""COMPUTED_VALUE"""),"ADA") -> ADA | BH7: =IFERROR(__xludf.DUMMYFUNCTION("""COMPUTED_VALUE"""),"BLUEPRINT") -> BLUEPRINT | BI7: =IFERROR(__xludf.DUMMYFUNCTION("""COMPUTED_VALUE"""),"ADA") -> ADA | BJ7: =IFERROR(__xludf.DUMMYFUNCTION("""COMPUTED_VALUE"""),"STICKER") -> STICKER | BK7: =IFERROR(__xludf.DUMMYFUNCTION("""COMPUTED_VALUE"""),"ADA") -> ADA | BL7: =IFERROR(__xludf.DUMMYFUNCTION("""COMPUTED_VALUE"""),"DEPOSIT") -> DEPOSIT | BV7: =IFERROR(__xludf.DUMMYFUNCTION("""COMPUTED_VALUE"""),"Dalam Desa Rt 001 Rw 001 Kel Pakembangan Kec Garawangi Kab Kuningan Jawa Barat 45571") -> Dalam Desa Rt 001 Rw 001 Kel Pakembangan Kec Garawangi Kab Kuningan Jawa Barat 45571
A8: =IFERROR(__xludf.DUMMYFUNCTION("""COMPUTED_VALUE"""),5.0) -> 5 | B8: =IFERROR(__xludf.DUMMYFUNCTION("""COMPUTED_VALUE"""),"11 Januari 2022") -> 11 Januari 2022 | C8: =IFERROR(__xludf.DUMMYFUNCTION("""COMPUTED_VALUE"""),"11 Januari 2022") -> 11 Januari 2022 | F8: =IFERROR(__xludf.DUMMYFUNCTION("""COMPUTED_VALUE"""),"25-08-2022") -> 25-08-2022 | G8: =IFERROR(__xludf.DUMMYFUNCTION("""COMPUTED_VALUE"""),44799.0) -> 44799 | I8: =IFERROR(__xludf.DUMMYFUNCTION("""COMPUTED_VALUE"""),"25-08-2022") -> 25-08-2022 | J8: =IFERROR(__xludf.DUMMYFUNCTION("""COMPUTED_VALUE"""),"12/10/2022") -> 12/10/2022 | P8: =IFERROR(__xludf.DUMMYFUNCTION("""COMPUTED_VALUE"""),"KH3SPA12903JTAMD") -> KH3SPA12903JTAMD | Q8: =IFERROR(__xludf.DUMMYFUNCTION("""COMPUTED_VALUE"""),"CV. AlKautsar") -> CV. AlKautsar | R8: =IFERROR(__xludf.DUMMYFUNCTION("""COMPUTED_VALUE"""),"AL KAUTSAR") -> AL KAUTSAR | S8: =IFERROR(__xludf.DUMMYFUNCTION("""COMPUTED_VALUE"""),"Sundari") -> Sundari | T8: =IFERROR(__xludf.DUMMYFUNCTION("""COMPUTED_VALUE"""),"Kadirejo Rt 50/17, Mranggen, Jatinom Klaten Jawa Tengah 57481") -> Kadirejo Rt 50/17, Mranggen, Jatinom Klaten Jawa Tengah 57481 | U8: =IFERROR(__xludf.DUMMYFUNCTION("""COMPUTED_VALUE"""),"KADIREJO RT 50/17, MRANGGEN, JATINOM KLATEN JAWA TENGAH 57481") -> KADIREJO RT 50/17, MRANGGEN, JATINOM KLATEN JAWA TENGAH 57481 | V8: =IFERROR(__xludf.DUMMYFUNCTION("""COMPUTED_VALUE"""),"50/17") -> 50/17 | W8: =IFERROR(__xludf.DUMMYFUNCTION("""COMPUTED_VALUE"""),"MRANGGEN") -> MRANGGEN | X8: =IFERROR(__xludf.DUMMYFUNCTION("""COMPUTED_VALUE"""),"JATINOM") -> JATINOM | Y8: =IFERROR(__xludf.DUMMYFUNCTION("""COMPUTED_VALUE"""),"Klaten") -> Klaten | Z8: =IFERROR(__xludf.DUMMYFUNCTION("""COMPUTED_VALUE"""),"JAWA TENGAH") -> JAWA TENGAH | AA8: =IFERROR(__xludf.DUMMYFUNCTION("""COMPUTED_VALUE"""),"57481") -> 57481 | AB8: =IFERROR(__xludf.DUMMYFUNCTION("""COMPUTED_VALUE"""),"3310206709810002") -> 3310206709810002 | AC8: =IFERROR(__xludf.DUMMYFUNCTION("""COMPUTED_VALUE"""),"57.943.318.6-525.000") -> 57.943.318.6-525.000 | AD8: =IFERROR(__xludf.DUMMYFUNCTION("""COMPUTED_VALUE"""),"CUM - AMI") -> CUM - AMI | AE8: =IFERROR(__xludf.DUMMYFUNCTION("""COMPUTED_VALUE"""),"SUB AMINUDDIN") -> SUB AMINUDDIN | AF8: =IFERROR(__xludf.DUMMYFUNCTION("""COMPUTED_VALUE"""),"081329294335") -> 081329294335 | AG8: =IFERROR(__xludf.DUMMYFUNCTION("""COMPUTED_VALUE"""),"081329294335") -> 081329294335 | AH8: =IFERROR(__xludf.DUMMYFUNCTION("""COMPUTED_VALUE"""),"samidi.klt@gmail.com") -> samidi.klt@gmail.com | AI8: =IFERROR(__xludf.DUMMYFUNCTION("""COMPUTED_VALUE"""),"57481S3") -> 57481S3 | AJ8: =IFERROR(__xludf.DUMMYFUNCTION("""COMPUTED_VALUE"""),"61f253f47fc1ac7560092ab3") -> 61f253f47fc1ac7560092ab3 | AK8: =IFERROR(__xludf.DUMMYFUNCTION("""COMPUTED_VALUE"""),"dm57481s3") -> dm57481s3 | AL8: =IFERROR(__xludf.DUMMYFUNCTION("""COMPUTED_VALUE"""),"password") -> password | AM8: =IFERROR(__xludf.DUMMYFUNCTION("""COMPUTED_VALUE"""),"KANTOR REGIONAL IV SEMARANG 50004") -> KANTOR REGIONAL IV SEMARANG 50004 | AN8: =IFERROR(__xludf.DUMMYFUNCTION("""COMPUTED_VALUE"""),"KPRK KLATEN 57400") -> KPRK KLATEN 57400 | AO8: =IFERROR(__xludf.DUMMYFUNCTION("""COMPUTED_VALUE"""),"010822006168") -> 010822006168 | AP8: =IFERROR(__xludf.DUMMYFUNCTION("""COMPUTED_VALUE"""),"01082200561680001") -> 01082200561680001 | AT8: =IFERROR(__xludf.DUMMYFUNCTION("""COMPUTED_VALUE"""),"S 7°40'16.2336"" ") -> S 7°40'16.2336" | AU8: =IFERROR(__xludf.DUMMYFUNCTION("""COMPUTED_VALUE"""),"E 110°34'45.4476"" ") -> E 110°34'45.4476" | AV8: =IFERROR(__xludf.DUMMYFUNCTION("""COMPUTED_VALUE"""),"ADA") -> ADA | AW8: =IFERROR(__xludf.DUMMYFUNCTION("""COMPUTED_VALUE"""),"ADA") -> ADA | BA8: =IFERROR(__xludf.DUMMYFUNCTION("""COMPUTED_VALUE"""),"ADA") -> ADA | BB8: =IFERROR(__xludf.DUMMYFUNCTION("""COMPUTED_VALUE"""),"ADA") -> ADA | BC8: =IFERROR(__xludf.DUMMYFUNCTION("""COMPUTED_VALUE"""),"ADA") -> ADA | BD8: =IFERROR(__xludf.DUMMYFUNCTION("""COMPUTED_VALUE"""),"ADA") -> ADA | BE8: =IFERROR(__xludf.DUMMYFUNCTION("""COMPUTED_VALUE"""),"ADA") -> ADA | BF8: =IFERROR(__xludf.DUMMYFUNCTION("""COMPUTED_VALUE"""),"ADA") -> ADA | BG8: =IFERROR(__xludf.DUMMYFUNCTION("""COMPUTED_VALUE"""),"ADA") -> ADA | BH8: =IFERROR(__xludf.DUMMYFUNCTION("""COMPUTED_VALUE"""),"EPPOS EP-9200U") -> EPPOS EP-9200U | BI8: =IFERROR(__xludf.DUMMYFUNCTION("""COMPUTED_VALUE"""),"ADA") -> ADA | BJ8: =IFERROR(__xludf.DUMMYFUNCTION("""COMPUTED_VALUE"""),"TIDAK ADA") -> TIDAK ADA | BK8: =IFERROR(__xludf.DUMMYFUNCTION("""COMPUTED_VALUE"""),"TIDAK ADA") -> TIDAK ADA | BL8: =IFERROR(__xludf.DUMMYFUNCTION("""COMPUTED_VALUE"""),"PLAFON") -> PLAFON | BV8: =IFERROR(__xludf.DUMMYFUNCTION("""COMPUTED_VALUE"""),"Kadirejo Rt 50/17, Mranggen, Jatinom Klaten Jawa Tengah 57481") -> Kadirejo Rt 50/17, Mranggen, Jatinom Klaten Jawa Tengah 57481
A9: =IFERROR(__xludf.DUMMYFUNCTION("""COMPUTED_VALUE"""),6.0) -> 6 | B9: =IFERROR(__xludf.DUMMYFUNCTION("""COMPUTED_VALUE"""),"11 Januari 2022") -> 11 Januari 2022 | C9: =IFERROR(__xludf.DUMMYFUNCTION("""COMPUTED_VALUE"""),"11 Januari 2022") -> 11 Januari 2022 | F9: =IFERROR(__xludf.DUMMYFUNCTION("""COMPUTED_VALUE"""),"16 AGUSTUS 2022") -> 16 AGUSTUS 2022 | G9: =IFERROR(__xludf.DUMMYFUNCTION("""COMPUTED_VALUE"""),44789.0) -> 44789 | I9: =IFERROR(__xludf.DUMMYFUNCTION("""COMPUTED_VALUE"""),"16-08-2022") -> 16-08-2022 | J9: =IFERROR(__xludf.DUMMYFUNCTION("""COMPUTED_VALUE"""),"16-08-2022") -> 16-08-2022 | P9: =IFERROR(__xludf.DUMMYFUNCTION("""COMPUTED_VALUE"""),"53BSPA29473JBEEN") -> 53BSPA29473JBEEN | Q9: =IFERROR(__xludf.DUMMYFUNCTION("""COMPUTED_VALUE"""),"PRI GROUP") -> PRI GROUP | R9: =IFERROR(__xludf.DUMMYFUNCTION("""COMPUTED_VALUE"""),"PRI GROUP") -> PRI GROUP | S9: =IFERROR(__xludf.DUMMYFUNCTION("""COMPUTED_VALUE"""),"Supriyanto Amd, A.Md") -> Supriyanto Amd, A.Md | T9: =IFERROR(__xludf.DUMMYFUNCTION("""COMPUTED_VALUE"""),"Jl. Ikhlas No. 11A Kel. Binjai Kec. Medan Denai Medan Sumatera Utara 20228") -> Jl. Ikhlas No. 11A Kel. Binjai Kec. Medan Denai Medan Sumatera Utara 20228 | U9: =IFERROR(__xludf.DUMMYFUNCTION("""COMPUTED_VALUE"""),"JL. IKHLAS NO. 11A KEL. BINJAI KEC. MEDAN DENAI Medan Sumatera Utara 20228") -> JL. IKHLAS NO. 11A KEL. BINJAI KEC. MEDAN DENAI Medan Sumatera Utara 20228 | W9: =IFERROR(__xludf.DUMMYFUNCTION("""COMPUTED_VALUE"""),"BINJAI") -> BINJAI | X9: =IFERROR(__xludf.DUMMYFUNCTION("""COMPUTED_VALUE"""),"MEDAN DENAI") -> MEDAN DENAI | Y9: =IFERROR(__xludf.DUMMYFUNCTION("""COMPUTED_VALUE"""),"medan") -> medan | Z9: =IFERROR(__xludf.DUMMYFUNCTION("""COMPUTED_VALUE"""),"SUMATERA UTARA") -> SUMATERA UTARA | AA9: =IFERROR(__xludf.DUMMYFUNCTION("""COMPUTED_VALUE"""),"20228") -> 20228 | AB9: =IFERROR(__xludf.DUMMYFUNCTION("""COMPUTED_VALUE"""),"1271041101850009") -> 1271041101850009 | AC9: =IFERROR(__xludf.DUMMYFUNCTION("""COMPUTED_VALUE"""),"25.246.029.0-112.000") -> 25.246.029.0-112.000 | AD9: =IFERROR(__xludf.DUMMYFUNCTION("""COMPUTED_VALUE"""),"CUM - EEN") -> CUM - EEN | AE9: =IFERROR(__xludf.DUMMYFUNCTION("""COMPUTED_VALUE"""),"SUB EEN") -> SUB EEN | AF9: =IFERROR(__xludf.DUMMYFUNCTION("""COMPUTED_VALUE"""),"082168041162 / 081990448804") -> 082168041162 / 081990448804 | AG9: =IFERROR(__xludf.DUMMYFUNCTION("""COMPUTED_VALUE"""),"082168041162") -> 082168041162 | AH9: =IFERROR(__xludf.DUMMYFUNCTION("""COMPUTED_VALUE"""),"supriy.pri@gmail.com") -> supriy.pri@gmail.com | AI9: =IFERROR(__xludf.DUMMYFUNCTION("""COMPUTED_VALUE"""),"20228S3") -> 20228S3 | AJ9: =IFERROR(__xludf.DUMMYFUNCTION("""COMPUTED_VALUE"""),"620e17d0498b976fad115b28") -> 620e17d0498b976fad115b28 | AK9: =IFERROR(__xludf.DUMMYFUNCTION("""COMPUTED_VALUE"""),"dm20228s3") -> dm20228s3 | AL9: =IFERROR(__xludf.DUMMYFUNCTION("""COMPUTED_VALUE"""),"password") -> password | AM9: =IFERROR(__xludf.DUMMYFUNCTION("""COMPUTED_VALUE"""),"KANTOR REGIONAL I MEDAN 20004") -> KANTOR REGIONAL I MEDAN 20004 | AN9: =IFERROR(__xludf.DUMMYFUNCTION("""COMPUTED_VALUE"""),"SPP MEDAN 20900") -> SPP MEDAN 20900 | AO9: =IFERROR(__xludf.DUMMYFUNCTION("""COMPUTED_VALUE"""),"0208220034165") -> 0208220034165 | AP9: =IFERROR(__xludf.DUMMYFUNCTION("""COMPUTED_VALUE"""),"02082200341650001") -> 02082200341650001 | AT9: =IFERROR(__xludf.DUMMYFUNCTION("""COMPUTED_VALUE"""),"35,718,501.98") -> 35,718,501.98 | AU9: =IFERROR(__xludf.DUMMYFUNCTION("""COMPUTED_VALUE"""),"98,721,141") -> 98,721,141 | AV9: =IFERROR(__xludf.DUMMYFUNCTION("""COMPUTED_VALUE"""),"ADA") -> ADA | AW9: =IFERROR(__xludf.DUMMYFUNCTION("""COMPUTED_VALUE"""),"ADA") -> ADA | BA9: =IFERROR(__xludf.DUMMYFUNCTION("""COMPUTED_VALUE"""),"ADA") -> ADA | BB9: =IFERROR(__xludf.DUMMYFUNCTION("""COMPUTED_VALUE"""),"ADA") -> ADA | BC9: =IFERROR(__xludf.DUMMYFUNCTION("""COMPUTED_VALUE"""),"ADA") -> ADA | BD9: =IFERROR(__xludf.DUMMYFUNCTION("""COMPUTED_VALUE"""),"ADA") -> ADA | BE9: =IFERROR(__xludf.DUMMYFUNCTION("""COMPUTED_VALUE"""),"ADA") -> ADA | BF9: =IFERROR(__xludf.DUMMYFUNCTION("""COMPUTED_VALUE"""),"ADA") -> ADA | BG9: =IFERROR(__xludf.DUMMYFUNCTION("""COMPUTED_VALUE"""),"ADA") -> ADA | BH9: =IFERROR(__xludf.DUMMYFUNCTION("""COMPUTED_VALUE"""),"CANON MP237") -> CANON MP237 | BI9: =IFERROR(__xludf.DUMMYFUNCTION("""COMPUTED_VALUE"""),"ADA") -> ADA | BJ9: =IFERROR(__xludf.DUMMYFUNCTION("""COMPUTED_VALUE"""),"KERTAS HVS") -> KERTAS HVS | BK9: =IFERROR(__xludf.DUMMYFUNCTION("""COMPUTED_VALUE"""),"TIDAK ADA") -> TIDAK ADA | BL9: =IFERROR(__xludf.DUMMYFUNCTION("""COMPUTED_VALUE"""),"PLAFON") -> PLAFON | BV9: =IFERROR(__xludf.DUMMYFUNCTION("""COMPUTED_VALUE"""),"Jl. Ikhlas No. 11A Kel. Binjai Kec. Medan Denai Medan Sumatera Utara 20228") -> Jl. Ikhlas No. 11A Kel. Binjai Kec. Medan Denai Medan Sumatera Utara 20228
A10: =IFERROR(__xludf.DUMMYFUNCTION("""COMPUTED_VALUE"""),7.0) -> 7 | B10: =IFERROR(__xludf.DUMMYFUNCTION("""COMPUTED_VALUE"""),"11 Januari 2022") -> 11 Januari 2022 | C10: =IFERROR(__xludf.DUMMYFUNCTION("""COMPUTED_VALUE"""),"11 Januari 2022") -> 11 Januari 2022 | P10: =IFERROR(__xludf.DUMMYFUNCTION("""COMPUTED_VALUE"""),"52BSPA22777JTKRS") -> 52BSPA22777JTKRS | Q10: =IFERROR(__xludf.DUMMYFUNCTION("""COMPUTED_VALUE"""),"Barokah Expres ") -> Barokah Expres | R10: =IFERROR(__xludf.DUMMYFUNCTION("""COMPUTED_VALUE"""),"BAROKAH EXPRESS") -> BAROKAH EXPRESS | S10: =IFERROR(__xludf.DUMMYFUNCTION("""COMPUTED_VALUE"""),"Tegar") -> Tegar | T10: =IFERROR(__xludf.DUMMYFUNCTION("""COMPUTED_VALUE"""),"Perumahan New Grand Residence Blok O5, Kedung Gede Kec Banyumas Kab Banyumas Jawa Tengah") -> Perumahan New Grand Residence Blok O5, Kedung Gede Kec Banyumas Kab Banyumas Jawa Tengah | U10: =IFERROR(__xludf.DUMMYFUNCTION("""COMPUTED_VALUE"""),"PERUMAHAN NEW GRAND RESIDENCE BLOK O5, KEDUNG GEDE KEC BANYUMAS KAB BANYUMAS JAWA TENGAH") -> PERUMAHAN NEW GRAND RESIDENCE BLOK O5, KEDUNG GEDE KEC BANYUMAS KAB BANYUMAS JAWA TENGAH | V10: =IFERROR(__xludf.DUMMYFUNCTION("""COMPUTED_VALUE"""),"003/003") -> 003/003 | W10: =IFERROR(__xludf.DUMMYFUNCTION("""COMPUTED_VALUE"""),"KEDUNG GEDE") -> KEDUNG GEDE | X10: =IFERROR(__xludf.DUMMYFUNCTION("""COMPUTED_VALUE"""),"BANYUMAS") -> BANYUMAS | Y10: =IFERROR(__xludf.DUMMYFUNCTION("""COMPUTED_VALUE"""),"KAB.BANYUMAS") -> KAB.BANYUMAS | Z10: =IFERROR(__xludf.DUMMYFUNCTION("""COMPUTED_VALUE"""),"JAWA TENGAH") -> JAWA TENGAH | AA10: =IFERROR(__xludf.DUMMYFUNCTION("""COMPUTED_VALUE"""),"53192") -> 53192 | AB10: =IFERROR(__xludf.DUMMYFUNCTION("""COMPUTED_VALUE"""),"3301061001950001") -> 3301061001950001 | AC10: =IFERROR(__xludf.DUMMYFUNCTION("""COMPUTED_VALUE"""),"92.983.066.9-521.000") -> 92.983.066.9-521.000 | AD10: =IFERROR(__xludf.DUMMYFUNCTION("""COMPUTED_VALUE"""),"CUM - KRS") -> CUM - KRS | AE10: =IFERROR(__xludf.DUMMYFUNCTION("""COMPUTED_VALUE"""),"SUB KARSINI") -> SUB KARSINI | AF10: =IFERROR(__xludf.DUMMYFUNCTION("""COMPUTED_VALUE"""),"081213283240") -> 081213283240 | AG10: =IFERROR(__xludf.DUMMYFUNCTION("""COMPUTED_VALUE"""),"081213283240") -> 081213283240 | AI10: =IFERROR(__xludf.DUMMYFUNCTION("""COMPUTED_VALUE"""),"53192S4") -> 53192S4 | AJ10: =IFERROR(__xludf.DUMMYFUNCTION("""COMPUTED_VALUE"""),"6210e241baa11a5eeb6f1193") -> 6210e241baa11a5eeb6f1193 | AK10: =IFERROR(__xludf.DUMMYFUNCTION("""COMPUTED_VALUE"""),"dm53192s4") -> dm53192s4 | AL10: =IFERROR(__xludf.DUMMYFUNCTION("""COMPUTED_VALUE"""),"password") -> password | AM10: =IFERROR(__xludf.DUMMYFUNCTION("""COMPUTED_VALUE"""),"KANTOR REGIONAL IV SEMARANG 50004") -> KANTOR REGIONAL IV SEMARANG 50004 | AN10: =IFERROR(__xludf.DUMMYFUNCTION("""COMPUTED_VALUE"""),"KPRK BANYUMAS 53100") -> KPRK BANYUMAS 53100 | AT10: =IFERROR(__xludf.DUMMYFUNCTION("""COMPUTED_VALUE"""),"-75,213,714.11") -> -75,213,714.11 | AU10: =IFERROR(__xludf.DUMMYFUNCTION("""COMPUTED_VALUE"""),"1,092,945,115") -> 1,092,945,115 | AV10: =IFERROR(__xludf.DUMMYFUNCTION("""COMPUTED_VALUE"""),"ADA") -> ADA | AW10: =IFERROR(__xludf.DUMMYFUNCTION("""COMPUTED_VALUE"""),"ADA") -> ADA | BA10: =IFERROR(__xludf.DUMMYFUNCTION("""COMPUTED_VALUE"""),"ADA") -> ADA | BB10: =IFERROR(__xludf.DUMMYFUNCTION("""COMPUTED_VALUE"""),"ADA") -> ADA | BE10: =IFERROR(__xludf.DUMMYFUNCTION("""COMPUTED_VALUE"""),"ADA") -> ADA | BF10: =IFERROR(__xludf.DUMMYFUNCTION("""COMPUTED_VALUE"""),"ADA") -> ADA | BG10: =IFERROR(__xludf.DUMMYFUNCTION("""COMPUTED_VALUE"""),"ADA") -> ADA | BL10: =IFERROR(__xludf.DUMMYFUNCTION("""COMPUTED_VALUE"""),"DEPOSIT") -> DEPOSIT | BV10: =IFERROR(__xludf.DUMMYFUNCTION("""COMPUTED_VALUE"""),"Perumahan New Grand Residence Blok O5, Kedung Gede Kec Banyumas Kab Banyumas Jawa Tengah") -> Perumahan New Grand Residence Blok O5, Kedung Gede Kec Banyumas Kab Banyumas Jawa Tengah
A11: =IFERROR(__xludf.DUMMYFUNCTION("""COMPUTED_VALUE"""),8.0) -> 8 | B11: =IFERROR(__xludf.DUMMYFUNCTION("""COMPUTED_VALUE"""),"11 Januari 2022") -> 11 Januari 2022 | C11: =IFERROR(__xludf.DUMMYFUNCTION("""COMPUTED_VALUE"""),"11 Januari 2022") -> 11 Januari 2022 | K11: =IFERROR(__xludf.DUMMYFUNCTION("""COMPUTED_VALUE"""),"PERANGKAT BELUM LENGKAP") -> PERANGKAT BELUM LENGKAP | P11: =IFERROR(__xludf.DUMMYFUNCTION("""COMPUTED_VALUE"""),"53BSPA23079BDGKT") -> 53BSPA23079BDGKT | Q11: =IFERROR(__xludf.DUMMYFUNCTION("""COMPUTED_VALUE"""),"KARTINI") -> KARTINI | R11: =IFERROR(__xludf.DUMMYFUNCTION("""COMPUTED_VALUE"""),"KARTINI") -> KARTINI | S11: =IFERROR(__xludf.DUMMYFUNCTION("""COMPUTED_VALUE"""),"Kartini") -> Kartini | T11: =IFERROR(__xludf.DUMMYFUNCTION("""COMPUTED_VALUE"""),"Nagrak Rt 02 Rw 07 Kel Jatisari Kec Cangkuang Kab Bandung Jawa Barat 40238") -> Nagrak Rt 02 Rw 07 Kel Jatisari Kec Cangkuang Kab Bandung Jawa Barat 40238 | U11: =IFERROR(__xludf.DUMMYFUNCTION("""COMPUTED_VALUE"""),"Nagrak RT 02 RW 07 Kel Jatisari Kec Cangkuang Kab Bandung Jawa Barat 40238") -> Nagrak RT 02 RW 07 Kel Jatisari Kec Cangkuang Kab Bandung Jawa Barat 40238 | V11: =IFERROR(__xludf.DUMMYFUNCTION("""COMPUTED_VALUE"""),"002/007") -> 002/007 | W11: =IFERROR(__xludf.DUMMYFUNCTION("""COMPUTED_VALUE"""),"JATISARI") -> JATISARI | X11: =IFERROR(__xludf.DUMMYFUNCTION("""COMPUTED_VALUE"""),"CANGKUANG") -> CANGKUANG | Y11: =IFERROR(__xludf.DUMMYFUNCTION("""COMPUTED_VALUE"""),"KAB. BANDUNG") -> KAB. BANDUNG | Z11: =IFERROR(__xludf.DUMMYFUNCTION("""COMPUTED_VALUE"""),"JAWA BARAT") -> JAWA BARAT | AA11: =IFERROR(__xludf.DUMMYFUNCTION("""COMPUTED_VALUE"""),"40238") -> 40238 | AB11: =IFERROR(__xludf.DUMMYFUNCTION("""COMPUTED_VALUE"""),"3204446104790006") -> 3204446104790006 | AC11: =IFERROR(__xludf.DUMMYFUNCTION("""COMPUTED_VALUE"""),"67.283.107.0-445.000") -> 67.283.107.0-445.000 | AD11: =IFERROR(__xludf.DUMMYFUNCTION("""COMPUTED_VALUE"""),"CUM - HDT") -> CUM - HDT | AE11: =IFERROR(__xludf.DUMMYFUNCTION("""COMPUTED_VALUE"""),"SUB HIDAYAT") -> SUB HIDAYAT | AF11: =IFERROR(__xludf.DUMMYFUNCTION("""COMPUTED_VALUE"""),"085723488915 / 085794803374") -> 085723488915 / 085794803374 | AG11: =IFERROR(__xludf.DUMMYFUNCTION("""COMPUTED_VALUE"""),"085723488915 / 085794803374") -> 085723488915 / 085794803374 | AH11: =IFERROR(__xludf.DUMMYFUNCTION("""COMPUTED_VALUE"""),"niekartini33@gmail.com") -> niekartini33@gmail.com | AI11: =IFERROR(__xludf.DUMMYFUNCTION("""COMPUTED_VALUE"""),"40361S4") -> 40361S4 | AJ11: =IFERROR(__xludf.DUMMYFUNCTION("""COMPUTED_VALUE"""),"620e1942a0e6bc1786602760") -> 620e1942a0e6bc1786602760 | AK11: =IFERROR(__xludf.DUMMYFUNCTION("""COMPUTED_VALUE"""),"dm40361s4") -> dm40361s4 | AL11: =IFERROR(__xludf.DUMMYFUNCTION("""COMPUTED_VALUE"""),"password") -> password | AM11: =IFERROR(__xludf.DUMMYFUNCTION("""COMPUTED_VALUE"""),"KANTOR REGIONAL III BANDUNG 40004") -> KANTOR REGIONAL III BANDUNG 40004 | AN11: =IFERROR(__xludf.DUMMYFUNCTION("""COMPUTED_VALUE"""),"KPRK SOREANG 40900") -> KPRK SOREANG 40900 | AO11: =IFERROR(__xludf.DUMMYFUNCTION("""COMPUTED_VALUE"""),"0408220022026") -> 0408220022026 | AP11: =IFERROR(__xludf.DUMMYFUNCTION("""COMPUTED_VALUE"""),"04082200220260001") -> 04082200220260001 | AT11: =IFERROR(__xludf.DUMMYFUNCTION("""COMPUTED_VALUE"""),"-7.0653866") -> -7.0653866 | AU11: =IFERROR(__xludf.DUMMYFUNCTION("""COMPUTED_VALUE"""),"1,075,471,922") -> 1,075,471,922 | AV11: =IFERROR(__xludf.DUMMYFUNCTION("""COMPUTED_VALUE"""),"BELUM ADA") -> BELUM ADA | AW11: =IFERROR(__xludf.DUMMYFUNCTION("""COMPUTED_VALUE"""),"ADA") -> ADA | BA11: =IFERROR(__xludf.DUMMYFUNCTION("""COMPUTED_VALUE"""),"ADA") -> ADA | BB11: =IFERROR(__xludf.DUMMYFUNCTION("""COMPUTED_VALUE"""),"ADA") -> ADA | BC11: =IFERROR(__xludf.DUMMYFUNCTION("""COMPUTED_VALUE"""),"ADA") -> ADA | BD11: =IFERROR(__xludf.DUMMYFUNCTION("""COMPUTED_VALUE"""),"ADA") -> ADA | BE11: =IFERROR(__xludf.DUMMYFUNCTION("""COMPUTED_VALUE"""),"ADA") -> ADA | BF11: =IFERROR(__xludf.DUMMYFUNCTION("""COMPUTED_VALUE"""),"ADA") -> ADA | BG11: =IFERROR(__xludf.DUMMYFUNCTION("""COMPUTED_VALUE"""),"ADA") -> ADA | BH11: =IFERROR(__xludf.DUMMYFUNCTION("""COMPUTED_VALUE"""),"TIDAK ADA") -> TIDAK ADA | BI11: =IFERROR(__xludf.DUMMYFUNCTION("""COMPUTED_VALUE"""),"ADA") -> ADA | BJ11: =IFERROR(__xludf.DUMMYFUNCTION("""COMPUTED_VALUE"""),"TIDAK ADA") -> TIDAK ADA | BK11: =IFERROR(__xludf.DUMMYFUNCTION("""COMPUTED_VALUE"""),"TIDAK ADA") -> TIDAK ADA | BL11: =IFERROR(__xludf.DUMMYFUNCTION("""COMPUTED_VALUE"""),"PLAFON") -> PLAFON | BV11: =IFERROR(__xludf.DUMMYFUNCTION("""COMPUTED_VALUE"""),"Nagrak Rt 02 Rw 07 Kel Jatisari Kec Cangkuang Kab Bandung Jawa Barat 40238") -> Nagrak Rt 02 Rw 07 Kel Jatisari Kec Cangkuang Kab Bandung Jawa Barat 40238
A12: =IFERROR(__xludf.DUMMYFUNCTION("""COMPUTED_VALUE"""),9.0) -> 9 | B12: =IFERROR(__xludf.DUMMYFUNCTION("""COMPUTED_VALUE"""),"12 Januari 2022") -> 12 Januari 2022 | C12: =IFERROR(__xludf.DUMMYFUNCTION("""COMPUTED_VALUE"""),"12 Januari 2022") -> 12 Januari 2022 | K12: =IFERROR(__xludf.DUMMYFUNCTION("""COMPUTED_VALUE"""),"PERANGKAT BELUM LENGKAP") -> PERANGKAT BELUM LENGKAP | P12: =IFERROR(__xludf.DUMMYFUNCTION("""COMPUTED_VALUE"""),"KH3SPA26075JBRHD") -> KH3SPA26075JBRHD | Q12: =IFERROR(__xludf.DUMMYFUNCTION("""COMPUTED_VALUE"""),"Berkah Putra ") -> Berkah Putra | R12: =IFERROR(__xludf.DUMMYFUNCTION("""COMPUTED_VALUE"""),"BERKAH PUTRA") -> BERKAH PUTRA | S12: =IFERROR(__xludf.DUMMYFUNCTION("""COMPUTED_VALUE"""),"Deden Susnandar") -> Deden Susnandar | T12: =IFERROR(__xludf.DUMMYFUNCTION("""COMPUTED_VALUE"""),"Kp Cipinang Rt 02 Rw 13 Kel Cipinang Kec Cimaung Kab Bandung Jawa Barat 40375") -> Kp Cipinang Rt 02 Rw 13 Kel Cipinang Kec Cimaung Kab Bandung Jawa Barat 40375 | U12: =IFERROR(__xludf.DUMMYFUNCTION("""COMPUTED_VALUE"""),"Kp Cipinang RT 02 RW 13 Kel Cipinang Kec Cimaung Kab Bandung Jawa Barat 40375") -> Kp Cipinang RT 02 RW 13 Kel Cipinang Kec Cimaung Kab Bandung Jawa Barat 40375 | V12: =IFERROR(__xludf.DUMMYFUNCTION("""COMPUTED_VALUE"""),"002/13") -> 002/13 | W12: =IFERROR(__xludf.DUMMYFUNCTION("""COMPUTED_VALUE"""),"CIPINANG") -> CIPINANG | X12: =IFERROR(__xludf.DUMMYFUNCTION("""COMPUTED_VALUE"""),"CIMAUNG") -> CIMAUNG | Y12: =IFERROR(__xludf.DUMMYFUNCTION("""COMPUTED_VALUE"""),"KAB. BANDUNG") -> KAB. BANDUNG | Z12: =IFERROR(__xludf.DUMMYFUNCTION("""COMPUTED_VALUE"""),"JAWA BARAT") -> JAWA BARAT | AA12: =IFERROR(__xludf.DUMMYFUNCTION("""COMPUTED_VALUE"""),"40375") -> 40375 | AB12: =IFERROR(__xludf.DUMMYFUNCTION("""COMPUTED_VALUE"""),"3204172103700001") -> 3204172103700001 | AC12: =IFERROR(__xludf.DUMMYFUNCTION("""COMPUTED_VALUE"""),"92.973.733.6-445.000") -> 92.973.733.6-445.000 | AD12: =IFERROR(__xludf.DUMMYFUNCTION("""COMPUTED_VALUE"""),"CUM - HDT") -> CUM - HDT | AE12: =IFERROR(__xludf.DUMMYFUNCTION("""COMPUTED_VALUE"""),"Sub Hidayat") -> Sub Hidayat | AF12: =IFERROR(__xludf.DUMMYFUNCTION("""COMPUTED_VALUE"""),"0813-2262-0525") -> 0813-2262-0525 | AG12: =IFERROR(__xludf.DUMMYFUNCTION("""COMPUTED_VALUE"""),"0813-2262-0525") -> 0813-2262-0525 | AH12: =IFERROR(__xludf.DUMMYFUNCTION("""COMPUTED_VALUE"""),"dsnandar65@gmail.com") -> dsnandar65@gmail.com | AI12: =IFERROR(__xludf.DUMMYFUNCTION("""COMPUTED_VALUE"""),"40374S4") -> 40374S4 | AJ12: =IFERROR(__xludf.DUMMYFUNCTION("""COMPUTED_VALUE"""),"6231b59a1c70080ee15d946a") -> 6231b59a1c70080ee15d946a | AK12: =IFERROR(__xludf.DUMMYFUNCTION("""COMPUTED_VALUE"""),"dm40374s4") -> dm40374s4 | AL12: =IFERROR(__xludf.DUMMYFUNCTION("""COMPUTED_VALUE"""),"password") -> password | AM12: =IFERROR(__xludf.DUMMYFUNCTION("""COMPUTED_VALUE"""),"KANTOR REGIONAL III BANDUNG 40004") -> KANTOR REGIONAL III BANDUNG 40004 | AN12: =IFERROR(__xludf.DUMMYFUNCTION("""COMPUTED_VALUE"""),"KPRK SOREANG 40900") -> KPRK SOREANG 40900 | AO12: =IFERROR(__xludf.DUMMYFUNCTION("""COMPUTED_VALUE"""),"0308220026461") -> 0308220026461 | AP12: =IFERROR(__xludf.DUMMYFUNCTION("""COMPUTED_VALUE"""),"03082200264610001") -> 03082200264610001 | AT12: =IFERROR(__xludf.DUMMYFUNCTION("""COMPUTED_VALUE"""),"-71,067,736") -> -71,067,736 | AU12: =IFERROR(__xludf.DUMMYFUNCTION("""COMPUTED_VALUE"""),"1,075,636,071") -> 1,075,636,071 | AV12: =IFERROR(__xludf.DUMMYFUNCTION("""COMPUTED_VALUE"""),"BELUM ADA") -> BELUM ADA | AW12: =IFERROR(__xludf.DUMMYFUNCTION("""COMPUTED_VALUE"""),"ADA") -> ADA | BA12: =IFERROR(__xludf.DUMMYFUNCTION("""COMPUTED_VALUE"""),"ADA") -> ADA | BB12: =IFERROR(__xludf.DUMMYFUNCTION("""COMPUTED_VALUE"""),"ADA") -> ADA | BC12: =IFERROR(__xludf.DUMMYFUNCTION("""COMPUTED_VALUE"""),"ADA") -> ADA | BD12: =IFERROR(__xludf.DUMMYFUNCTION("""COMPUTED_VALUE"""),"ADA") -> ADA | BE12: =IFERROR(__xludf.DUMMYFUNCTION("""COMPUTED_VALUE"""),"ADA") -> ADA | BF12: =IFERROR(__xludf.DUMMYFUNCTION("""COMPUTED_VALUE"""),"ADA") -> ADA | BG12: =IFERROR(__xludf.DUMMYFUNCTION("""COMPUTED_VALUE"""),"ADA") -> ADA | BH12: =IFERROR(__xludf.DUMMYFUNCTION("""COMPUTED_VALUE"""),"TIDAK ADA") -> TIDAK ADA | BI12: =IFERROR(__xludf.DUMMYFUNCTION("""COMPUTED_VALUE"""),"TIDAK ADA") -> TIDAK ADA | BJ12: =IFERROR(__xludf.DUMMYFUNCTION("""COMPUTED_VALUE"""),"TIDAK ADA") -> TIDAK ADA | BK12: =IFERROR(__xludf.DUMMYFUNCTION("""COMPUTED_VALUE"""),"TIDAK ADA") -> TIDAK ADA | BL12: =IFERROR(__xludf.DUMMYFUNCTION("""COMPUTED_VALUE"""),"PLAFON") -> PLAFON | BV12: =IFERROR(__xludf.DUMMYFUNCTION("""COMPUTED_VALUE"""),"Kp Cipinang Rt 02 Rw 13 Kel Cipinang Kec Cimaung Kab Bandung Jawa Barat 40375") -> Kp Cipinang Rt 02 Rw 13 Kel Cipinang Kec Cimaung Kab Bandung Jawa Barat 40375
A13: =IFERROR(__xludf.DUMMYFUNCTION("""COMPUTED_VALUE"""),10.0) -> 10 | B13: =IFERROR(__xludf.DUMMYFUNCTION("""COMPUTED_VALUE"""),"12 Januari 2022") -> 12 Januari 2022 | C13: =IFERROR(__xludf.DUMMYFUNCTION("""COMPUTED_VALUE"""),"12 Januari 2022") -> 12 Januari 2022 | K13: =IFERROR(__xludf.DUMMYFUNCTION("""COMPUTED_VALUE"""),"perangkat sudah lengkap, tidak ada petlok") -> perangkat sudah lengkap, tidak ada petlok | P13: =IFERROR(__xludf.DUMMYFUNCTION("""COMPUTED_VALUE"""),"52BSPA22071JTGKR") -> 52BSPA22071JTGKR | Q13: =IFERROR(__xludf.DUMMYFUNCTION("""COMPUTED_VALUE"""),"RIFDA") -> RIFDA | R13: =IFERROR(__xludf.DUMMYFUNCTION("""COMPUTED_VALUE"""),"RIFDA") -> RIFDA | S13: =IFERROR(__xludf.DUMMYFUNCTION("""COMPUTED_VALUE"""),"Rifky Anggara Mardhyatmoko") -> Rifky Anggara Mardhyatmoko | T13: =IFERROR(__xludf.DUMMYFUNCTION("""COMPUTED_VALUE"""),"Dukuh Kemantren Rt 02 Rw 01 ") -> Dukuh Kemantren Rt 02 Rw 01 | U13: =IFERROR(__xludf.DUMMYFUNCTION("""COMPUTED_VALUE"""),"DUKUH KEMANTREN RT 02 RW 01 DESA KRETEK, KECAMATAN ROWOKELE, 54472") -> DUKUH KEMANTREN RT 02 RW 01 DESA KRETEK, KECAMATAN ROWOKELE, 54472 | V13: =IFERROR(__xludf.DUMMYFUNCTION("""COMPUTED_VALUE"""),"002/001") -> 002/001 | W13: =IFERROR(__xludf.DUMMYFUNCTION("""COMPUTED_VALUE"""),"DS.KRETEK") -> DS.KRETEK | X13: =IFERROR(__xludf.DUMMYFUNCTION("""COMPUTED_VALUE"""),"KEC.ROWOKELE") -> KEC.ROWOKELE | Y13: =IFERROR(__xludf.DUMMYFUNCTION("""COMPUTED_VALUE"""),"KAB. KEBUMEN") -> KAB. KEBUMEN | Z13: =IFERROR(__xludf.DUMMYFUNCTION("""COMPUTED_VALUE"""),"JAWA TENGAH") -> JAWA TENGAH | AA13: =IFERROR(__xludf.DUMMYFUNCTION("""COMPUTED_VALUE"""),"54472") -> 54472 | AB13: =IFERROR(__xludf.DUMMYFUNCTION("""COMPUTED_VALUE"""),"3305170503910003") -> 3305170503910003 | AC13: =IFERROR(__xludf.DUMMYFUNCTION("""COMPUTED_VALUE"""),"71.741.044.3-523.000") -> 71.741.044.3-523.000 | AD13: =IFERROR(__xludf.DUMMYFUNCTION("""COMPUTED_VALUE"""),"CUM - KRS") -> CUM - KRS | AE13: =IFERROR(__xludf.DUMMYFUNCTION("""COMPUTED_VALUE"""),"SUB KARSINI") -> SUB KARSINI | AF13: =IFERROR(__xludf.DUMMYFUNCTION("""COMPUTED_VALUE"""),"081356333315") -> 081356333315 | AG13: =IFERROR(__xludf.DUMMYFUNCTION("""COMPUTED_VALUE"""),"081356333315") -> 081356333315 | AH13: =IFERROR(__xludf.DUMMYFUNCTION("""COMPUTED_VALUE"""),"angga.tisangga.tisna85@gmail.com") -> angga.tisangga.tisna85@gmail.com | AI13: =IFERROR(__xludf.DUMMYFUNCTION("""COMPUTED_VALUE"""),"54372S1") -> 54372S1 | AJ13: =IFERROR(__xludf.DUMMYFUNCTION("""COMPUTED_VALUE"""),"61f25fba1f8c4b129846a7f5") -> 61f25fba1f8c4b129846a7f5 | AK13: =IFERROR(__xludf.DUMMYFUNCTION("""COMPUTED_VALUE"""),"dm54372s1") -> dm54372s1 | AL13: =IFERROR(__xludf.DUMMYFUNCTION("""COMPUTED_VALUE"""),"password") -> password | AM13: =IFERROR(__xludf.DUMMYFUNCTION("""COMPUTED_VALUE"""),"KANTOR REGIONAL IV SEMARANG 50004") -> KANTOR REGIONAL IV SEMARANG 50004 | AN13: =IFERROR(__xludf.DUMMYFUNCTION("""COMPUTED_VALUE"""),"KPRK KEBUMEN 54300") -> KPRK KEBUMEN 54300 | AO13: =IFERROR(__xludf.DUMMYFUNCTION("""COMPUTED_VALUE"""),"0108220052388") -> 0108220052388 | AP13: =IFERROR(__xludf.DUMMYFUNCTION("""COMPUTED_VALUE"""),"01082200523880001") -> 01082200523880001 | AT13: =IFERROR(__xludf.DUMMYFUNCTION("""COMPUTED_VALUE"""),"7°36’01.2") -> 7°36’01.2 | AU13: =IFERROR(__xludf.DUMMYFUNCTION("""COMPUTED_VALUE"""),"109°27’33,1") -> 109°27’33,1 | AV13: =IFERROR(__xludf.DUMMYFUNCTION("""COMPUTED_VALUE"""),"ADA") -> ADA | AW13: =IFERROR(__xludf.DUMMYFUNCTION("""COMPUTED_VALUE"""),"ADA") -> ADA | BA13: =IFERROR(__xludf.DUMMYFUNCTION("""COMPUTED_VALUE"""),"ADA") -> ADA | BB13: =IFERROR(__xludf.DUMMYFUNCTION("""COMPUTED_VALUE"""),"ADA") -> ADA | BC13: =IFERROR(__xludf.DUMMYFUNCTION("""COMPUTED_VALUE"""),"ADA") -> ADA | BD13: =IFERROR(__xludf.DUMMYFUNCTION("""COMPUTED_VALUE"""),"ADA") -> ADA | BE13: =IFERROR(__xludf.DUMMYFUNCTION("""COMPUTED_VALUE"""),"ada") -> ada | BF13: =IFERROR(__xludf.DUMMYFUNCTION("""COMPUTED_VALUE"""),"ADA") -> ADA | BG13: =IFERROR(__xludf.DUMMYFUNCTION("""COMPUTED_VALUE"""),"ADA") -> ADA | BH13: =IFERROR(__xludf.DUMMYFUNCTION("""COMPUTED_VALUE"""),"EP-9200") -> EP-9200 | BI13: =IFERROR(__xludf.DUMMYFUNCTION("""COMPUTED_VALUE"""),"ADA") -> ADA | BJ13: =IFERROR(__xludf.DUMMYFUNCTION("""COMPUTED_VALUE"""),"ADA") -> ADA | BK13: =IFERROR(__xludf.DUMMYFUNCTION("""COMPUTED_VALUE"""),"TIDAK ADA") -> TIDAK ADA | BL13: =IFERROR(__xludf.DUMMYFUNCTION("""COMPUTED_VALUE"""),"DEPOSIT") -> DEPOSIT | BU13: =IFERROR(__xludf.DUMMYFUNCTION("""COMPUTED_VALUE"""),"petugas pos siap bantu, loket Rifda susah dihub") -> petugas pos siap bantu, loket Rifda susah dihub | BV13: =IFERROR(__xludf.DUMMYFUNCTION("""COMPUTED_VALUE"""),"Dukuh Kemantren Rt 02 Rw 01 ") -> Dukuh Kemantren Rt 02 Rw 01
A14: =IFERROR(__xludf.DUMMYFUNCTION("""COMPUTED_VALUE"""),11.0) -> 11 | B14: =IFERROR(__xludf.DUMMYFUNCTION("""COMPUTED_VALUE"""),"12 Januari 2022") -> 12 Januari 2022 | C14: =IFERROR(__xludf.DUMMYFUNCTION("""COMPUTED_VALUE"""),"12 Januari 2022") -> 12 Januari 2022 | F14: =IFERROR(__xludf.DUMMYFUNCTION("""COMPUTED_VALUE"""),"16 AGUSTUS 2022") -> 16 AGUSTUS 2022 | G14: =IFERROR(__xludf.DUMMYFUNCTION("""COMPUTED_VALUE"""),44789.0) -> 44789 | I14: =IFERROR(__xludf.DUMMYFUNCTION("""COMPUTED_VALUE"""),"16-08-22") -> 16-08-22 | J14: =IFERROR(__xludf.DUMMYFUNCTION("""COMPUTED_VALUE"""),"15-09-22") -> 15-09-22 | P14: =IFERROR(__xludf.DUMMYFUNCTION("""COMPUTED_VALUE"""),"KH2BSPA27003JBEN") -> KH2BSPA27003JBEN | Q14: =IFERROR(__xludf.DUMMYFUNCTION("""COMPUTED_VALUE"""),"pp ananda 01") -> pp ananda 01 | R14: =IFERROR(__xludf.DUMMYFUNCTION("""COMPUTED_VALUE"""),"PP ANANDA 01") -> PP ANANDA 01 | S14: =IFERROR(__xludf.DUMMYFUNCTION("""COMPUTED_VALUE"""),"Riyaddi Mulya") -> Riyaddi Mulya | T14: =IFERROR(__xludf.DUMMYFUNCTION("""COMPUTED_VALUE"""),"Jl.Nurkim No.09 Rt.03 Rw.12 ") -> Jl.Nurkim No.09 Rt.03 Rw.12 | U14: =IFERROR(__xludf.DUMMYFUNCTION("""COMPUTED_VALUE"""),"Jl.Nurkim No.09 RT.03 RW.12 Ds.KOTABATU KEC.CIOMAS ") -> Jl.Nurkim No.09 RT.03 RW.12 Ds.KOTABATU KEC.CIOMAS | V14: =IFERROR(__xludf.DUMMYFUNCTION("""COMPUTED_VALUE"""),"002/005") -> 002/005 | W14: =IFERROR(__xludf.DUMMYFUNCTION("""COMPUTED_VALUE"""),"DS.KOTA BATU") -> DS.KOTA BATU | X14: =IFERROR(__xludf.DUMMYFUNCTION("""COMPUTED_VALUE"""),"KEC.CIOMAS") -> KEC.CIOMAS | Y14: =IFERROR(__xludf.DUMMYFUNCTION("""COMPUTED_VALUE"""),"KAB. BOGOR") -> KAB. BOGOR | Z14: =IFERROR(__xludf.DUMMYFUNCTION("""COMPUTED_VALUE"""),"JAWA BARAT") -> JAWA BARAT | AA14: =IFERROR(__xludf.DUMMYFUNCTION("""COMPUTED_VALUE"""),"16610") -> 16610 | AB14: =IFERROR(__xludf.DUMMYFUNCTION("""COMPUTED_VALUE"""),"3201291307830006") -> 3201291307830006 | AC14: =IFERROR(__xludf.DUMMYFUNCTION("""COMPUTED_VALUE"""),"59.080.139.5.434.000") -> 59.080.139.5.434.000 | AD14: =IFERROR(__xludf.DUMMYFUNCTION("""COMPUTED_VALUE"""),"CUM - EEN") -> CUM - EEN | AE14: =IFERROR(__xludf.DUMMYFUNCTION("""COMPUTED_VALUE"""),"SUB KARSINI") -> SUB KARSINI | AF14: =IFERROR(__xludf.DUMMYFUNCTION("""COMPUTED_VALUE"""),"0852 1583 7717") -> 0852 1583 7717 | AG14: =IFERROR(__xludf.DUMMYFUNCTION("""COMPUTED_VALUE"""),"0852 1583 7717") -> 0852 1583 7717 | AH14: =IFERROR(__xludf.DUMMYFUNCTION("""COMPUTED_VALUE"""),"fauzi13andri@gmail.com") -> fauzi13andri@gmail.com | AI14: =IFERROR(__xludf.DUMMYFUNCTION("""COMPUTED_VALUE"""),"16618S1") -> 16618S1 | AJ14: =IFERROR(__xludf.DUMMYFUNCTION("""COMPUTED_VALUE"""),"620f2305ee26a37eab45889c") -> 620f2305ee26a37eab45889c | AK14: =IFERROR(__xludf.DUMMYFUNCTION("""COMPUTED_VALUE"""),"dm16618s1") -> dm16618s1 | AL14: =IFERROR(__xludf.DUMMYFUNCTION("""COMPUTED_VALUE"""),"password") -> password | AM14: =IFERROR(__xludf.DUMMYFUNCTION("""COMPUTED_VALUE"""),"KANTOR REGIONAL II JAKARTA 10004") -> KANTOR REGIONAL II JAKARTA 10004 | AN14: =IFERROR(__xludf.DUMMYFUNCTION("""COMPUTED_VALUE"""),"KPRK BOGOR 16000") -> KPRK BOGOR 16000 | AO14: =IFERROR(__xludf.DUMMYFUNCTION("""COMPUTED_VALUE"""),"0208220019585") -> 0208220019585 | AP14: =IFERROR(__xludf.DUMMYFUNCTION("""COMPUTED_VALUE"""),"02082200195850001") -> 02082200195850001 | AT14: =IFERROR(__xludf.DUMMYFUNCTION("""COMPUTED_VALUE"""),"-66,223") -> -66,223 | AU14: =IFERROR(__xludf.DUMMYFUNCTION("""COMPUTED_VALUE"""),"10,677,774") -> 10,677,774 | AV14: =IFERROR(__xludf.DUMMYFUNCTION("""COMPUTED_VALUE"""),"ADA") -> ADA | AW14: =IFERROR(__xludf.DUMMYFUNCTION("""COMPUTED_VALUE"""),"ADA") -> ADA | BA14: =IFERROR(__xludf.DUMMYFUNCTION("""COMPUTED_VALUE"""),"ADA") -> ADA | BB14: =IFERROR(__xludf.DUMMYFUNCTION("""COMPUTED_VALUE"""),"ADA") -> ADA | BC14: =IFERROR(__xludf.DUMMYFUNCTION("""COMPUTED_VALUE"""),"ADA") -> ADA | BD14: =IFERROR(__xludf.DUMMYFUNCTION("""COMPUTED_VALUE"""),"ADA") -> ADA | BE14: =IFERROR(__xludf.DUMMYFUNCTION("""COMPUTED_VALUE"""),"ADA") -> ADA | BF14: =IFERROR(__xludf.DUMMYFUNCTION("""COMPUTED_VALUE"""),"ADA") -> ADA | BG14: =IFERROR(__xludf.DUMMYFUNCTION("""COMPUTED_VALUE"""),"ADA") -> ADA | BI14: =IFERROR(__xludf.DUMMYFUNCTION("""COMPUTED_VALUE"""),"ADA") -> ADA | BJ14: =IFERROR(__xludf.DUMMYFUNCTION("""COMPUTED_VALUE"""),"ADA") -> ADA | BK14: =IFERROR(__xludf.DUMMYFUNCTION("""COMPUTED_VALUE"""),"ADA") -> ADA | BL14: =IFERROR(__xludf.DUMMYFUNCTION("""COMPUTED_VALUE"""),"PLAFON") -> PLAFON | BV14: =IFERROR(__xludf.DUMMYFUNCTION("""COMPUTED_VALUE"""),"Jl.Nurkim No.09 Rt.03 Rw.12 ") -> Jl.Nurkim No.09 Rt.03 Rw.12
A15: =IFERROR(__xludf.DUMMYFUNCTION("""COMPUTED_VALUE"""),12.0) -> 12 | B15: =IFERROR(__xludf.DUMMYFUNCTION("""COMPUTED_VALUE"""),"12 Januari 2022") -> 12 Januari 2022 | C15: =IFERROR(__xludf.DUMMYFUNCTION("""COMPUTED_VALUE"""),"12 Januari 2022") -> 12 Januari 2022 | K15: =IFERROR(__xludf.DUMMYFUNCTION("""COMPUTED_VALUE"""),"PERANGKAT BELUM LENGKAP") -> PERANGKAT BELUM LENGKAP | P15: =IFERROR(__xludf.DUMMYFUNCTION("""COMPUTED_VALUE"""),"53BSPA26271JBRND") -> 53BSPA26271JBRND | Q15: =IFERROR(__xludf.DUMMYFUNCTION("""COMPUTED_VALUE"""),"SADEWA") -> SADEWA | R15: =IFERROR(__xludf.DUMMYFUNCTION("""COMPUTED_VALUE"""),"SADEWA") -> SADEWA | S15: =IFERROR(__xludf.DUMMYFUNCTION("""COMPUTED_VALUE"""),"Ero Juhara") -> Ero Juhara | T15: =IFERROR(__xludf.DUMMYFUNCTION("""COMPUTED_VALUE"""),"Dusun Manis Rt09 Rw03 Kel. Lengkong Kec. Garawangi") -> Dusun Manis Rt09 Rw03 Kel. Lengkong Kec. Garawangi | U15: =IFERROR(__xludf.DUMMYFUNCTION("""COMPUTED_VALUE"""),"DUSUN KALIWON RT02 RW01 DESA PURWASARI") -> DUSUN KALIWON RT02 RW01 DESA PURWASARI | V15: =IFERROR(__xludf.DUMMYFUNCTION("""COMPUTED_VALUE"""),"009/003") -> 009/003 | W15: =IFERROR(__xludf.DUMMYFUNCTION("""COMPUTED_VALUE"""),"PURWASARI") -> PURWASARI | X15: =IFERROR(__xludf.DUMMYFUNCTION("""COMPUTED_VALUE"""),"KEC.GARAWANGI") -> KEC.GARAWANGI | Y15: =IFERROR(__xludf.DUMMYFUNCTION("""COMPUTED_VALUE"""),"KAB. KUNINGAN") -> KAB. KUNINGAN | Z15: =IFERROR(__xludf.DUMMYFUNCTION("""COMPUTED_VALUE"""),"JAWA BARAT") -> JAWA BARAT | AA15: =IFERROR(__xludf.DUMMYFUNCTION("""COMPUTED_VALUE"""),"45571") -> 45571 | AB15: =IFERROR(__xludf.DUMMYFUNCTION("""COMPUTED_VALUE"""),"3208081007690002") -> 3208081007690002 | AC15: =IFERROR(__xludf.DUMMYFUNCTION("""COMPUTED_VALUE"""),"46.889.979.4-438.000") -> 46.889.979.4-438.000 | AD15: =IFERROR(__xludf.DUMMYFUNCTION("""COMPUTED_VALUE"""),"CUM - NDS") -> CUM - NDS | AE15: =IFERROR(__xludf.DUMMYFUNCTION("""COMPUTED_VALUE"""),"SUB NURUL DIMAS") -> SUB NURUL DIMAS | AF15: =IFERROR(__xludf.DUMMYFUNCTION("""COMPUTED_VALUE"""),"085659724107") -> 085659724107 | AG15: =IFERROR(__xludf.DUMMYFUNCTION("""COMPUTED_VALUE"""),"085659724107") -> 085659724107 | AH15: =IFERROR(__xludf.DUMMYFUNCTION("""COMPUTED_VALUE"""),"erojuhar@gmail.com") -> erojuhar@gmail.com | AI15: =IFERROR(__xludf.DUMMYFUNCTION("""COMPUTED_VALUE"""),"45571S2") -> 45571S2 | AJ15: =IFERROR(__xludf.DUMMYFUNCTION("""COMPUTED_VALUE"""),"6210eb16d6167e6e1908d284") -> 6210eb16d6167e6e1908d284 | AK15: =IFERROR(__xludf.DUMMYFUNCTION("""COMPUTED_VALUE"""),"dm45571s2") -> dm45571s2 | AL15: =IFERROR(__xludf.DUMMYFUNCTION("""COMPUTED_VALUE"""),"password") -> password | AM15: =IFERROR(__xludf.DUMMYFUNCTION("""COMPUTED_VALUE"""),"KANTOR REGIONAL III BANDUNG 40004") -> KANTOR REGIONAL III BANDUNG 40004 | AN15: =IFERROR(__xludf.DUMMYFUNCTION("""COMPUTED_VALUE"""),"KPRK KUNINGAN 45500") -> KPRK KUNINGAN 45500 | AO15: =IFERROR(__xludf.DUMMYFUNCTION("""COMPUTED_VALUE"""),"'0308220019599") -> '0308220019599 | AP15: =IFERROR(__xludf.DUMMYFUNCTION("""COMPUTED_VALUE"""),"03082200195990001") -> 03082200195990001 | AT15: =IFERROR(__xludf.DUMMYFUNCTION("""COMPUTED_VALUE"""),"-6,998,832") -> -6,998,832 | AU15: =IFERROR(__xludf.DUMMYFUNCTION("""COMPUTED_VALUE"""),"108,534,867") -> 108,534,867 | AV15: =IFERROR(__xludf.DUMMYFUNCTION("""COMPUTED_VALUE"""),"ADA") -> ADA | AW15: =IFERROR(__xludf.DUMMYFUNCTION("""COMPUTED_VALUE"""),"ADA") -> ADA | BA15: =IFERROR(__xludf.DUMMYFUNCTION("""COMPUTED_VALUE"""),"ADA") -> ADA | BB15: =IFERROR(__xludf.DUMMYFUNCTION("""COMPUTED_VALUE"""),"ADA") -> ADA | BC15: =IFERROR(__xludf.DUMMYFUNCTION("""COMPUTED_VALUE"""),"ADA") -> ADA | BD15: =IFERROR(__xludf.DUMMYFUNCTION("""COMPUTED_VALUE"""),"ADA") -> ADA | BE15: =IFERROR(__xludf.DUMMYFUNCTION("""COMPUTED_VALUE"""),"ADA") -> ADA | BF15: =IFERROR(__xludf.DUMMYFUNCTION("""COMPUTED_VALUE"""),"ADA") -> ADA | BG15: =IFERROR(__xludf.DUMMYFUNCTION("""COMPUTED_VALUE"""),"ADA") -> ADA | BH15: =IFERROR(__xludf.DUMMYFUNCTION("""COMPUTED_VALUE"""),"TIDAK ADA") -> TIDAK ADA | BI15: =IFERROR(__xludf.DUMMYFUNCTION("""COMPUTED_VALUE"""),"ADA") -> ADA | BJ15: =IFERROR(__xludf.DUMMYFUNCTION("""COMPUTED_VALUE"""),"TIDAK ADA") -> TIDAK ADA | BK15: =IFERROR(__xludf.DUMMYFUNCTION("""COMPUTED_VALUE"""),"TIDAK ADA") -> TIDAK ADA | BL15: =IFERROR(__xludf.DUMMYFUNCTION("""COMPUTED_VALUE"""),"PLAFON") -> PLAFON | BV15: =IFERROR(__xludf.DUMMYFUNCTION("""COMPUTED_VALUE"""),"Dusun Manis Rt09 Rw03 Kel. Lengkong Kec. Garawangi") -> Dusun Manis Rt09 Rw03 Kel. Lengkong Kec. Garawangi
A16: =IFERROR(__xludf.DUMMYFUNCTION("""COMPUTED_VALUE"""),13.0) -> 13 | B16: =IFERROR(__xludf.DUMMYFUNCTION("""COMPUTED_VALUE"""),"19 Januari 2022") -> 19 Januari 2022 | C16: =IFERROR(__xludf.DUMMYFUNCTION("""COMPUTED_VALUE"""),"19 Januari 2022") -> 19 Januari 2022 | F16: =IFERROR(__xludf.DUMMYFUNCTION("""COMPUTED_VALUE"""),"16 OKTOBER 2022") -> 16 OKTOBER 2022 | G16: =IFERROR(__xludf.DUMMYFUNCTION("""COMPUTED_VALUE"""),44851.0) -> 44851 | I16: =IFERROR(__xludf.DUMMYFUNCTION("""COMPUTED_VALUE"""),"18 OKTOBER 2022") -> 18 OKTOBER 2022 | J16: =IFERROR(__xludf.DUMMYFUNCTION("""COMPUTED_VALUE"""),"31 OKTOBER 2022") -> 31 OKTOBER 2022 | P16: =IFERROR(__xludf.DUMMYFUNCTION("""COMPUTED_VALUE"""),"53BSPA25759JBRND") -> 53BSPA25759JBRND | Q16: =IFERROR(__xludf.DUMMYFUNCTION("""COMPUTED_VALUE""")," ANI") -> ANI | R16: =IFERROR(__xludf.DUMMYFUNCTION("""COMPUTED_VALUE"""),"ANI") -> ANI | S16: =IFERROR(__xludf.DUMMYFUNCTION("""COMPUTED_VALUE"""),"Agus Tukiman") -> Agus Tukiman | T16: =IFERROR(__xludf.DUMMYFUNCTION("""COMPUTED_VALUE"""),"Jl. Re Martadinata Depan Jogja Cijoho") -> Jl. Re Martadinata Depan Jogja Cijoho | U16: =IFERROR(__xludf.DUMMYFUNCTION("""COMPUTED_VALUE"""),"JL. LINGGA KENCANA NO. 41 KOMP. BTN CIJOHO RT25 RW03 Kode Pos 45513") -> JL. LINGGA KENCANA NO. 41 KOMP. BTN CIJOHO RT25 RW03 Kode Pos 45513 | V16: =IFERROR(__xludf.DUMMYFUNCTION("""COMPUTED_VALUE"""),"25/003") -> 25/003 | W16: =IFERROR(__xludf.DUMMYFUNCTION("""COMPUTED_VALUE"""),"CIJOHO") -> CIJOHO | X16: =IFERROR(__xludf.DUMMYFUNCTION("""COMPUTED_VALUE"""),"KUNINGAN") -> KUNINGAN | Y16: =IFERROR(__xludf.DUMMYFUNCTION("""COMPUTED_VALUE"""),"KAB. KUNINGAN") -> KAB. KUNINGAN | Z16: =IFERROR(__xludf.DUMMYFUNCTION("""COMPUTED_VALUE"""),"JAWA BARAT") -> JAWA BARAT | AA16: =IFERROR(__xludf.DUMMYFUNCTION("""COMPUTED_VALUE"""),"45571") -> 45571 | AB16: =IFERROR(__xludf.DUMMYFUNCTION("""COMPUTED_VALUE"""),"3208091308720000") -> 3208091308720000 | AC16: =IFERROR(__xludf.DUMMYFUNCTION("""COMPUTED_VALUE"""),"09.400.815.8-426.000") -> 09.400.815.8-426.000 | AD16: =IFERROR(__xludf.DUMMYFUNCTION("""COMPUTED_VALUE"""),"CUM - NDS") -> CUM - NDS | AE16: =IFERROR(__xludf.DUMMYFUNCTION("""COMPUTED_VALUE"""),"SUB NURUL DIMAS") -> SUB NURUL DIMAS | AF16: =IFERROR(__xludf.DUMMYFUNCTION("""COMPUTED_VALUE"""),"085324403777") -> 085324403777 | AG16: =IFERROR(__xludf.DUMMYFUNCTION("""COMPUTED_VALUE"""),"085324403777") -> 085324403777 | AH16: =IFERROR(__xludf.DUMMYFUNCTION("""COMPUTED_VALUE"""),"atukiaja@gmail.com") -> atukiaja@gmail.com | AI16: =IFERROR(__xludf.DUMMYFUNCTION("""COMPUTED_VALUE"""),"45513S2") -> 45513S2 | AJ16: =IFERROR(__xludf.DUMMYFUNCTION("""COMPUTED_VALUE"""),"6210ed19217f5e1320033b43") -> 6210ed19217f5e1320033b43 | AK16: =IFERROR(__xludf.DUMMYFUNCTION("""COMPUTED_VALUE"""),"dm45513s2") -> dm45513s2 | AL16: =IFERROR(__xludf.DUMMYFUNCTION("""COMPUTED_VALUE"""),"password") -> password | AM16: =IFERROR(__xludf.DUMMYFUNCTION("""COMPUTED_VALUE"""),"KANTOR REGIONAL III BANDUNG 40004") -> KANTOR REGIONAL III BANDUNG 40004 | AN16: =IFERROR(__xludf.DUMMYFUNCTION("""COMPUTED_VALUE"""),"KPRK KUNINGAN 45500") -> KPRK KUNINGAN 45500 | AO16: =IFERROR(__xludf.DUMMYFUNCTION("""COMPUTED_VALUE"""),"0510220079194") -> 0510220079194 | AP16: =IFERROR(__xludf.DUMMYFUNCTION("""COMPUTED_VALUE"""),"05102200791940001") -> 05102200791940001 | AT16: =IFERROR(__xludf.DUMMYFUNCTION("""COMPUTED_VALUE"""),"-6.9703623") -> -6.9703623 | AU16: =IFERROR(__xludf.DUMMYFUNCTION("""COMPUTED_VALUE"""),"1,084,941,865") -> 1,084,941,865 | AV16: =IFERROR(__xludf.DUMMYFUNCTION("""COMPUTED_VALUE"""),"ADA") -> ADA | AW16: =IFERROR(__xludf.DUMMYFUNCTION("""COMPUTED_VALUE"""),"ADA") -> ADA | BA16: =IFERROR(__xludf.DUMMYFUNCTION("""COMPUTED_VALUE"""),"ADA") -> ADA | BB16: =IFERROR(__xludf.DUMMYFUNCTION("""COMPUTED_VALUE"""),"ADA") -> ADA | BC16: =IFERROR(__xludf.DUMMYFUNCTION("""COMPUTED_VALUE"""),"ADA") -> ADA | BD16: =IFERROR(__xludf.DUMMYFUNCTION("""COMPUTED_VALUE"""),"ADA") -> ADA | BE16: =IFERROR(__xludf.DUMMYFUNCTION("""COMPUTED_VALUE"""),"ADA") -> ADA | BF16: =IFERROR(__xludf.DUMMYFUNCTION("""COMPUTED_VALUE"""),"ADA") -> ADA | BG16: =IFERROR(__xludf.DUMMYFUNCTION("""COMPUTED_VALUE"""),"ADA") -> ADA | BH16: =IFERROR(__xludf.DUMMYFUNCTION("""COMPUTED_VALUE"""),"ZJIANG") -> ZJIANG | BI16: =IFERROR(__xludf.DUMMYFUNCTION("""COMPUTED_VALUE"""),"ADA") -> ADA | BJ16: =IFERROR(__xludf.DUMMYFUNCTION("""COMPUTED_VALUE"""),"ADA") -> ADA | BL16: =IFERROR(__xludf.DUMMYFUNCTION("""COMPUTED_VALUE"""),"DEPOSIT") -> DEPOSIT | BV16: =IFERROR(__xludf.DUMMYFUNCTION("""COMPUTED_VALUE"""),"Jl. Re Martadinata Depan Jogja Cijoho") -> Jl. Re Martadinata Depan Jogja Cijoho
A17: =IFERROR(__xludf.DUMMYFUNCTION("""COMPUTED_VALUE"""),14.0) -> 14 | B17: =IFERROR(__xludf.DUMMYFUNCTION("""COMPUTED_VALUE"""),"12 Januari 2022") -> 12 Januari 2022 | C17: =IFERROR(__xludf.DUMMYFUNCTION("""COMPUTED_VALUE"""),"12 Januari 2022") -> 12 Januari 2022 | P17: =IFERROR(__xludf.DUMMYFUNCTION("""COMPUTED_VALUE"""),"53BSPA23191JBRND") -> 53BSPA23191JBRND | Q17: =IFERROR(__xludf.DUMMYFUNCTION("""COMPUTED_VALUE"""),"AZKA II") -> AZKA II | R17: =IFERROR(__xludf.DUMMYFUNCTION("""COMPUTED_VALUE"""),"AZKA") -> AZKA | S17: =IFERROR(__xludf.DUMMYFUNCTION("""COMPUTED_VALUE"""),"PT. Rencang Raharja Putra") -> PT. Rencang Raharja Putra | T17: =IFERROR(__xludf.DUMMYFUNCTION("""COMPUTED_VALUE"""),"Jl. Tanggul Raya No. 16 Rt. 04 Rw. 03 Kel. Kesepuhan Cirebon 45114") -> Jl. Tanggul Raya No. 16 Rt. 04 Rw. 03 Kel. Kesepuhan Cirebon 45114 | U17: =IFERROR(__xludf.DUMMYFUNCTION("""COMPUTED_VALUE"""),"Jl. Tanggul Raya No. 16 RT. 04 RW. 03 Kel. Kesepuhan Cirebon 45114") -> Jl. Tanggul Raya No. 16 RT. 04 RW. 03 Kel. Kesepuhan Cirebon 45114 | V17: =IFERROR(__xludf.DUMMYFUNCTION("""COMPUTED_VALUE"""),"004/003") -> 004/003 | W17: =IFERROR(__xludf.DUMMYFUNCTION("""COMPUTED_VALUE"""),"KEL.KASEPUHAN") -> KEL.KASEPUHAN | X17: =IFERROR(__xludf.DUMMYFUNCTION("""COMPUTED_VALUE"""),"Lemah Wungkuk") -> Lemah Wungkuk | Y17: =IFERROR(__xludf.DUMMYFUNCTION("""COMPUTED_VALUE"""),"CIREBON") -> CIREBON | Z17: =IFERROR(__xludf.DUMMYFUNCTION("""COMPUTED_VALUE"""),"JAWA BARAT") -> JAWA BARAT | AA17: =IFERROR(__xludf.DUMMYFUNCTION("""COMPUTED_VALUE"""),"45114") -> 45114 | AB17: =IFERROR(__xludf.DUMMYFUNCTION("""COMPUTED_VALUE"""),"3274021104860004") -> 3274021104860004 | AC17: =IFERROR(__xludf.DUMMYFUNCTION("""COMPUTED_VALUE"""),"80.074.596.0-426.000") -> 80.074.596.0-426.000 | AD17: =IFERROR(__xludf.DUMMYFUNCTION("""COMPUTED_VALUE"""),"CUM - NDS") -> CUM - NDS | AE17: =IFERROR(__xludf.DUMMYFUNCTION("""COMPUTED_VALUE"""),"SUB NURUL DIMAS") -> SUB NURUL DIMAS | AF17: =IFERROR(__xludf.DUMMYFUNCTION("""COMPUTED_VALUE"""),"081931154537") -> 081931154537 | AG17: =IFERROR(__xludf.DUMMYFUNCTION("""COMPUTED_VALUE"""),"081931154537") -> 081931154537 | AH17: =IFERROR(__xludf.DUMMYFUNCTION("""COMPUTED_VALUE"""),"advokat.radenari@gmail.com") -> advokat.radenari@gmail.com | AI17: =IFERROR(__xludf.DUMMYFUNCTION("""COMPUTED_VALUE"""),"45114S2") -> 45114S2 | AJ17: =IFERROR(__xludf.DUMMYFUNCTION("""COMPUTED_VALUE"""),"61f24d644bdd0c7ce3196d2e") -> 61f24d644bdd0c7ce3196d2e | AK17: =IFERROR(__xludf.DUMMYFUNCTION("""COMPUTED_VALUE"""),"dm45114s2") -> dm45114s2 | AL17: =IFERROR(__xludf.DUMMYFUNCTION("""COMPUTED_VALUE"""),"password") -> password | AM17: =IFERROR(__xludf.DUMMYFUNCTION("""COMPUTED_VALUE"""),"KANTOR REGIONAL III BANDUNG 40004") -> KANTOR REGIONAL III BANDUNG 40004 | AN17: =IFERROR(__xludf.DUMMYFUNCTION("""COMPUTED_VALUE"""),"KPRK CIREBON 45100") -> KPRK CIREBON 45100 | AO17: =IFERROR(__xludf.DUMMYFUNCTION("""COMPUTED_VALUE"""),"0408220063057") -> 0408220063057 | AP17: =IFERROR(__xludf.DUMMYFUNCTION("""COMPUTED_VALUE"""),"04082200630570001") -> 04082200630570001 | AT17: =IFERROR(__xludf.DUMMYFUNCTION("""COMPUTED_VALUE"""),"672,980,762") -> 672,980,762 | AU17: =IFERROR(__xludf.DUMMYFUNCTION("""COMPUTED_VALUE"""),"10,857,165,026") -> 10,857,165,026 | AV17: =IFERROR(__xludf.DUMMYFUNCTION("""COMPUTED_VALUE"""),"ADA") -> ADA | AW17: =IFERROR(__xludf.DUMMYFUNCTION("""COMPUTED_VALUE"""),"ADA") -> ADA | BA17: =IFERROR(__xludf.DUMMYFUNCTION("""COMPUTED_VALUE"""),"ADA") -> ADA | BB17: =IFERROR(__xludf.DUMMYFUNCTION("""COMPUTED_VALUE"""),"ADA") -> ADA | BC17: =IFERROR(__xludf.DUMMYFUNCTION("""COMPUTED_VALUE"""),"ADA") -> ADA | BD17: =IFERROR(__xludf.DUMMYFUNCTION("""COMPUTED_VALUE"""),"ADA") -> ADA | BE17: =IFERROR(__xludf.DUMMYFUNCTION("""COMPUTED_VALUE"""),"ADA") -> ADA | BF17: =IFERROR(__xludf.DUMMYFUNCTION("""COMPUTED_VALUE"""),"ADA") -> ADA | BG17: =IFERROR(__xludf.DUMMYFUNCTION("""COMPUTED_VALUE"""),"ADA") -> ADA | BI17: =IFERROR(__xludf.DUMMYFUNCTION("""COMPUTED_VALUE"""),"TIDAK ADA") -> TIDAK ADA | BJ17: =IFERROR(__xludf.DUMMYFUNCTION("""COMPUTED_VALUE"""),"TIDAK ADA") -> TIDAK ADA | BK17: =IFERROR(__xludf.DUMMYFUNCTION("""COMPUTED_VALUE"""),"TIDAK ADA") -> TIDAK ADA | BL17: =IFERROR(__xludf.DUMMYFUNCTION("""COMPUTED_VALUE"""),"PLAFON") -> PLAFON | BV17: =IFERROR(__xludf.DUMMYFUNCTION("""COMPUTED_VALUE"""),"Jl. Tanggul Raya No. 16 Rt. 04 Rw. 03 Kel. Kesepuhan Cirebon 45114") -> Jl. Tanggul Raya No. 16 Rt. 04 Rw. 03 Kel. Kesepuhan Cirebon 45114
A18: =IFERROR(__xludf.DUMMYFUNCTION("""COMPUTED_VALUE"""),15.0) -> 15 | B18: =IFERROR(__xludf.DUMMYFUNCTION("""COMPUTED_VALUE"""),"19 Januari 2022") -> 19 Januari 2022 | C18: =IFERROR(__xludf.DUMMYFUNCTION("""COMPUTED_VALUE"""),"19 Januari 2022") -> 19 Januari 2022 | F18: =IFERROR(__xludf.DUMMYFUNCTION("""COMPUTED_VALUE"""),"3 OKTOBER 2022") -> 3 OKTOBER 2022 | G18: =IFERROR(__xludf.DUMMYFUNCTION("""COMPUTED_VALUE"""),44837.0) -> 44837 | P18: =IFERROR(__xludf.DUMMYFUNCTION("""COMPUTED_VALUE"""),"53BSPA29584JBHDT") -> 53BSPA29584JBHDT | Q18: =IFERROR(__xludf.DUMMYFUNCTION("""COMPUTED_VALUE"""),"NURIL PRINT") -> NURIL PRINT | R18: =IFERROR(__xludf.DUMMYFUNCTION("""COMPUTED_VALUE"""),"NURIL PRINT") -> NURIL PRINT | S18: =IFERROR(__xludf.DUMMYFUNCTION("""COMPUTED_VALUE"""),"Dadang Rijwan") -> Dadang Rijwan | T18: =IFERROR(__xludf.DUMMYFUNCTION("""COMPUTED_VALUE"""),"Kp. Cikaso Rt03 Rw09 Desa Cikadut Ke. Cimenyan 40191") -> Kp. Cikaso Rt03 Rw09 Desa Cikadut Ke. Cimenyan 40191 | U18: =IFERROR(__xludf.DUMMYFUNCTION("""COMPUTED_VALUE"""),"Cimenyan, Cikadut, Kec. Cimenyan, Kabupaten Bandung, Jawa Barat 40191") -> Cimenyan, Cikadut, Kec. Cimenyan, Kabupaten Bandung, Jawa Barat 40191 | V18: =IFERROR(__xludf.DUMMYFUNCTION("""COMPUTED_VALUE"""),"003/009") -> 003/009 | W18: =IFERROR(__xludf.DUMMYFUNCTION("""COMPUTED_VALUE"""),"DS.CIKADUT") -> DS.CIKADUT | X18: =IFERROR(__xludf.DUMMYFUNCTION("""COMPUTED_VALUE"""),"KEC.CIMENYAN") -> KEC.CIMENYAN | Y18: =IFERROR(__xludf.DUMMYFUNCTION("""COMPUTED_VALUE"""),"KAB. BANDUNG") -> KAB. BANDUNG | Z18: =IFERROR(__xludf.DUMMYFUNCTION("""COMPUTED_VALUE"""),"JAWA BARAT") -> JAWA BARAT | AA18: =IFERROR(__xludf.DUMMYFUNCTION("""COMPUTED_VALUE"""),"40191") -> 40191 | AB18: =IFERROR(__xludf.DUMMYFUNCTION("""COMPUTED_VALUE"""),"3204172103700001") -> 3204172103700001 | AC18: =IFERROR(__xludf.DUMMYFUNCTION("""COMPUTED_VALUE"""),"83.617.049.8-444.000") -> 83.617.049.8-444.000 | AD18: =IFERROR(__xludf.DUMMYFUNCTION("""COMPUTED_VALUE"""),"CUM - HDT") -> CUM - HDT | AE18: =IFERROR(__xludf.DUMMYFUNCTION("""COMPUTED_VALUE"""),"Sub Hidayat") -> Sub Hidayat | AF18: =IFERROR(__xludf.DUMMYFUNCTION("""COMPUTED_VALUE"""),"085722692141") -> 085722692141 | AG18: =IFERROR(__xludf.DUMMYFUNCTION("""COMPUTED_VALUE"""),"085722692141") -> 085722692141 | AH18: =IFERROR(__xludf.DUMMYFUNCTION("""COMPUTED_VALUE"""),"uupuulpah95@gmail.com") -> uupuulpah95@gmail.com | AI18: =IFERROR(__xludf.DUMMYFUNCTION("""COMPUTED_VALUE"""),"40399S3") -> 40399S3 | AJ18: =IFERROR(__xludf.DUMMYFUNCTION("""COMPUTED_VALUE"""),"620f49612078937f1e7be035") -> 620f49612078937f1e7be035 | AK18: =IFERROR(__xludf.DUMMYFUNCTION("""COMPUTED_VALUE"""),"dm40399s3") -> dm40399s3 | AL18: =IFERROR(__xludf.DUMMYFUNCTION("""COMPUTED_VALUE"""),"password") -> password | AM18: =IFERROR(__xludf.DUMMYFUNCTION("""COMPUTED_VALUE"""),"KANTOR REGIONAL III BANDUNG 40004") -> KANTOR REGIONAL III BANDUNG 40004 | AN18: =IFERROR(__xludf.DUMMYFUNCTION("""COMPUTED_VALUE"""),"SPP BANDUNG 40400") -> SPP BANDUNG 40400 | AO18: =IFERROR(__xludf.DUMMYFUNCTION("""COMPUTED_VALUE"""),"0809220093497") -> 0809220093497 | AP18: =IFERROR(__xludf.DUMMYFUNCTION("""COMPUTED_VALUE"""),"08092200934970001") -> 08092200934970001 | AT18: =IFERROR(__xludf.DUMMYFUNCTION("""COMPUTED_VALUE"""),"-6,889,785") -> -6,889,785 | AU18: =IFERROR(__xludf.DUMMYFUNCTION("""COMPUTED_VALUE"""),"107,679,616") -> 107,679,616 | AV18: =IFERROR(__xludf.DUMMYFUNCTION("""COMPUTED_VALUE"""),"BELUM ADA") -> BELUM ADA | AW18: =IFERROR(__xludf.DUMMYFUNCTION("""COMPUTED_VALUE"""),"ADA") -> ADA | BA18: =IFERROR(__xludf.DUMMYFUNCTION("""COMPUTED_VALUE"""),"ADA") -> ADA | BB18: =IFERROR(__xludf.DUMMYFUNCTION("""COMPUTED_VALUE"""),"ADA") -> ADA | BC18: =IFERROR(__xludf.DUMMYFUNCTION("""COMPUTED_VALUE"""),"ADA") -> ADA | BD18: =IFERROR(__xludf.DUMMYFUNCTION("""COMPUTED_VALUE"""),"ADA") -> ADA | BE18: =IFERROR(__xludf.DUMMYFUNCTION("""COMPUTED_VALUE"""),"ADA") -> ADA | BL18: =IFERROR(__xludf.DUMMYFUNCTION("""COMPUTED_VALUE"""),"DEPOSIT") -> DEPOSIT | BV18: =IFERROR(__xludf.DUMMYFUNCTION("""COMPUTED_VALUE"""),"Kp. Cikaso Rt03 Rw09 Desa Cikadut Ke. Cimenyan 40191") -> Kp. Cikaso Rt03 Rw09 Desa Cikadut Ke. Cimenyan 40191
A19: =IFERROR(__xludf.DUMMYFUNCTION("""COMPUTED_VALUE"""),16.0) -> 16 | P19: =IFERROR(__xludf.DUMMYFUNCTION("""COMPUTED_VALUE"""),"25338") -> 25338 | R19: =IFERROR(__xludf.DUMMYFUNCTION("""COMPUTED_VALUE"""),"RIZKI AGUNG JAYA") -> RIZKI AGUNG JAYA | AF19: =IFERROR(__xludf.DUMMYFUNCTION("""COMPUTED_VALUE"""),"085722692141") -> 085722692141 | AI19: =IFERROR(__xludf.DUMMYFUNCTION("""COMPUTED_VALUE"""),"NO ACC") -> NO ACC | AM19: =IFERROR(__xludf.DUMMYFUNCTION("""COMPUTED_VALUE"""),"KANTOR REGIONAL IV SEMARANG 50004") -> KANTOR REGIONAL IV SEMARANG 50004
A20: =IFERROR(__xludf.DUMMYFUNCTION("""COMPUTED_VALUE"""),17.0) -> 17 | B20: =IFERROR(__xludf.DUMMYFUNCTION("""COMPUTED_VALUE"""),"19 Januari 2022") -> 19 Januari 2022 | C20: =IFERROR(__xludf.DUMMYFUNCTION("""COMPUTED_VALUE"""),"19 Januari 2022") -> 19 Januari 2022 | F20: =IFERROR(__xludf.DUMMYFUNCTION("""COMPUTED_VALUE"""),"1-Nov-22") -> 1-Nov-22 | G20: =IFERROR(__xludf.DUMMYFUNCTION("""COMPUTED_VALUE"""),44866.0) -> 44866 | P20: =IFERROR(__xludf.DUMMYFUNCTION("""COMPUTED_VALUE"""),"52BSPA22819JTAMD") -> 52BSPA22819JTAMD | Q20: =IFERROR(__xludf.DUMMYFUNCTION("""COMPUTED_VALUE"""),"USP KUD") -> USP KUD | R20: =IFERROR(__xludf.DUMMYFUNCTION("""COMPUTED_VALUE"""),"USP KUD JATINOM") -> USP KUD JATINOM | S20: =IFERROR(__xludf.DUMMYFUNCTION("""COMPUTED_VALUE"""),"Ridwan Choiri") -> Ridwan Choiri | T20: =IFERROR(__xludf.DUMMYFUNCTION("""COMPUTED_VALUE"""),"Pasar Gabus, Krajan, Jatinom") -> Pasar Gabus, Krajan, Jatinom | U20: =IFERROR(__xludf.DUMMYFUNCTION("""COMPUTED_VALUE"""),"Pasar Gabus, Krajan, Jatinom") -> Pasar Gabus, Krajan, Jatinom | V20: =IFERROR(__xludf.DUMMYFUNCTION("""COMPUTED_VALUE"""),"002/003") -> 002/003 | W20: =IFERROR(__xludf.DUMMYFUNCTION("""COMPUTED_VALUE""")," CIMANINTIN") -> CIMANINTIN | X20: =IFERROR(__xludf.DUMMYFUNCTION("""COMPUTED_VALUE"""),"JATINUNGGAL") -> JATINUNGGAL | Y20: =IFERROR(__xludf.DUMMYFUNCTION("""COMPUTED_VALUE"""),"KLATEN, JATENG") -> KLATEN, JATENG | Z20: =IFERROR(__xludf.DUMMYFUNCTION("""COMPUTED_VALUE"""),"JAWA TENGAH") -> JAWA TENGAH | AA20: =IFERROR(__xludf.DUMMYFUNCTION("""COMPUTED_VALUE"""),"57481") -> 57481 | AB20: =IFERROR(__xludf.DUMMYFUNCTION("""COMPUTED_VALUE"""),"3310202609760001") -> 3310202609760001 | AC20: =IFERROR(__xludf.DUMMYFUNCTION("""COMPUTED_VALUE"""),"23.605.454.0-525.000") -> 23.605.454.0-525.000 | AD20: =IFERROR(__xludf.DUMMYFUNCTION("""COMPUTED_VALUE"""),"CUM - AMI") -> CUM - AMI | AE20: =IFERROR(__xludf.DUMMYFUNCTION("""COMPUTED_VALUE"""),"SUB AMINUDDIN") -> SUB AMINUDDIN | AF20: =IFERROR(__xludf.DUMMYFUNCTION("""COMPUTED_VALUE"""),"083867991138") -> 083867991138 | AG20: =IFERROR(__xludf.DUMMYFUNCTION("""COMPUTED_VALUE"""),"083867991138") -> 083867991138 | AH20: =IFERROR(__xludf.DUMMYFUNCTION("""COMPUTED_VALUE"""),"ridwanchoiri@gmail.com") -> ridwanchoiri@gmail.com | AI20: =IFERROR(__xludf.DUMMYFUNCTION("""COMPUTED_VALUE"""),"57481S4") -> 57481S4 | AJ20: =IFERROR(__xludf.DUMMYFUNCTION("""COMPUTED_VALUE"""),"6210de6af6e0b079c9183725") -> 6210de6af6e0b079c9183725 | AK20: =IFERROR(__xludf.DUMMYFUNCTION("""COMPUTED_VALUE"""),"dm57481s4") -> dm57481s4 | AL20: =IFERROR(__xludf.DUMMYFUNCTION("""COMPUTED_VALUE"""),"password") -> password | AM20: =IFERROR(__xludf.DUMMYFUNCTION("""COMPUTED_VALUE"""),"KANTOR REGIONAL IV SEMARANG 50004") -> KANTOR REGIONAL IV SEMARANG 50004 | AN20: =IFERROR(__xludf.DUMMYFUNCTION("""COMPUTED_VALUE"""),"KPRK KLATEN 57400") -> KPRK KLATEN 57400 | AO20: =IFERROR(__xludf.DUMMYFUNCTION("""COMPUTED_VALUE"""),"0308220044775") -> 0308220044775 | AP20: =IFERROR(__xludf.DUMMYFUNCTION("""COMPUTED_VALUE"""),"03082200447750001") -> 03082200447750001 | AT20: =IFERROR(__xludf.DUMMYFUNCTION("""COMPUTED_VALUE"""),"S 7°37'45.318""") -> S 7°37'45.318" | AU20: =IFERROR(__xludf.DUMMYFUNCTION("""COMPUTED_VALUE"""),"E 110°35'42.3456"" ") -> E 110°35'42.3456" | AV20: =IFERROR(__xludf.DUMMYFUNCTION("""COMPUTED_VALUE"""),"ADA") -> ADA | AW20: =IFERROR(__xludf.DUMMYFUNCTION("""COMPUTED_VALUE"""),"ADA") -> ADA | BA20: =IFERROR(__xludf.DUMMYFUNCTION("""COMPUTED_VALUE"""),"ADA") -> ADA | BB20: =IFERROR(__xludf.DUMMYFUNCTION("""COMPUTED_VALUE"""),"ADA") -> ADA | BC20: =IFERROR(__xludf.DUMMYFUNCTION("""COMPUTED_VALUE"""),"ADA") -> ADA | BD20: =IFERROR(__xludf.DUMMYFUNCTION("""COMPUTED_VALUE"""),"ADA") -> ADA | BE20: =IFERROR(__xludf.DUMMYFUNCTION("""COMPUTED_VALUE"""),"ADA") -> ADA | BF20: =IFERROR(__xludf.DUMMYFUNCTION("""COMPUTED_VALUE"""),"ADA") -> ADA | BG20: =IFERROR(__xludf.DUMMYFUNCTION("""COMPUTED_VALUE"""),"ADA") -> ADA | BH20: =IFERROR(__xludf.DUMMYFUNCTION("""COMPUTED_VALUE"""),"IWARE ") -> IWARE | BI20: =IFERROR(__xludf.DUMMYFUNCTION("""COMPUTED_VALUE"""),"ADA") -> ADA | BJ20: =IFERROR(__xludf.DUMMYFUNCTION("""COMPUTED_VALUE"""),"TIDAK ADA") -> TIDAK ADA | BK20: =IFERROR(__xludf.DUMMYFUNCTION("""COMPUTED_VALUE"""),"TIDAK ADA") -> TIDAK ADA | BL20: =IFERROR(__xludf.DUMMYFUNCTION("""COMPUTED_VALUE"""),"DEPOSIT") -> DEPOSIT | BV20: =IFERROR(__xludf.DUMMYFUNCTION("""COMPUTED_VALUE"""),"Pasar Gabus, Krajan, Jatinom") -> Pasar Gabus, Krajan, Jatinom
A21: =IFERROR(__xludf.DUMMYFUNCTION("""COMPUTED_VALUE"""),18.0) -> 18 | B21: =IFERROR(__xludf.DUMMYFUNCTION("""COMPUTED_VALUE"""),"19 Januari 2022") -> 19 Januari 2022 | C21: =IFERROR(__xludf.DUMMYFUNCTION("""COMPUTED_VALUE"""),"19 Januari 2022") -> 19 Januari 2022 | F21: =IFERROR(__xludf.DUMMYFUNCTION("""COMPUTED_VALUE"""),"16 AGUSTUS 2022") -> 16 AGUSTUS 2022 | G21: =IFERROR(__xludf.DUMMYFUNCTION("""COMPUTED_VALUE"""),44784.0) -> 44784 | I21: =IFERROR(__xludf.DUMMYFUNCTION("""COMPUTED_VALUE"""),"25-08-2022") -> 25-08-2022 | J21: =IFERROR(__xludf.DUMMYFUNCTION("""COMPUTED_VALUE"""),"6/9/2022") -> 6/9/2022 | P21: =IFERROR(__xludf.DUMMYFUNCTION("""COMPUTED_VALUE"""),"KH2SPA22501JTYNA") -> KH2SPA22501JTYNA | Q21: =IFERROR(__xludf.DUMMYFUNCTION("""COMPUTED_VALUE"""),"BANI HARSO SUPARTO") -> BANI HARSO SUPARTO | R21: =IFERROR(__xludf.DUMMYFUNCTION("""COMPUTED_VALUE"""),"Bani Harso") -> Bani Harso | S21: =IFERROR(__xludf.DUMMYFUNCTION("""COMPUTED_VALUE"""),"Yohannita Nurul Arifah") -> Yohannita Nurul Arifah | T21: =IFERROR(__xludf.DUMMYFUNCTION("""COMPUTED_VALUE"""),"Gading Santren Rt 002/ Rw 009,Belang Wetan,Klaten ") -> Gading Santren Rt 002/ Rw 009,Belang Wetan,Klaten | U21: =IFERROR(__xludf.DUMMYFUNCTION("""COMPUTED_VALUE"""),"kerun baru rt 01/rw02,belang wetan,klaten utara,klaten 57438") -> kerun baru rt 01/rw02,belang wetan,klaten utara,klaten 57438 | V21: =IFERROR(__xludf.DUMMYFUNCTION("""COMPUTED_VALUE"""),"002/009") -> 002/009 | W21: =IFERROR(__xludf.DUMMYFUNCTION("""COMPUTED_VALUE"""),"BELANGWETAN") -> BELANGWETAN | X21: =IFERROR(__xludf.DUMMYFUNCTION("""COMPUTED_VALUE"""),"KLATEN UTARA") -> KLATEN UTARA | Y21: =IFERROR(__xludf.DUMMYFUNCTION("""COMPUTED_VALUE"""),"KLATEN, JATENG") -> KLATEN, JATENG | Z21: =IFERROR(__xludf.DUMMYFUNCTION("""COMPUTED_VALUE"""),"JAWA TENGAH") -> JAWA TENGAH | AA21: =IFERROR(__xludf.DUMMYFUNCTION("""COMPUTED_VALUE"""),"57438") -> 57438 | AB21: =IFERROR(__xludf.DUMMYFUNCTION("""COMPUTED_VALUE"""),"3310242205820004") -> 3310242205820004 | AC21: =IFERROR(__xludf.DUMMYFUNCTION("""COMPUTED_VALUE"""),"75.349.182.8-525.000") -> 75.349.182.8-525.000 | AD21: =IFERROR(__xludf.DUMMYFUNCTION("""COMPUTED_VALUE"""),"CUM - YNA") -> CUM - YNA | AE21: =IFERROR(__xludf.DUMMYFUNCTION("""COMPUTED_VALUE"""),"SUB YOHANNITA") -> SUB YOHANNITA | AF21: =IFERROR(__xludf.DUMMYFUNCTION("""COMPUTED_VALUE"""),"081329582564") -> 081329582564 | AG21: =IFERROR(__xludf.DUMMYFUNCTION("""COMPUTED_VALUE"""),"081329582564") -> 081329582564 | AH21: =IFERROR(__xludf.DUMMYFUNCTION("""COMPUTED_VALUE"""),"ynacell866@gmail.com") -> ynacell866@gmail.com | AI21: =IFERROR(__xludf.DUMMYFUNCTION("""COMPUTED_VALUE"""),"57438S3") -> 57438S3 | AJ21: =IFERROR(__xludf.DUMMYFUNCTION("""COMPUTED_VALUE"""),"6210dfe6b42fab5d9016ea23") -> 6210dfe6b42fab5d9016ea23 | AK21: =IFERROR(__xludf.DUMMYFUNCTION("""COMPUTED_VALUE"""),"dm57438s3") -> dm57438s3 | AL21: =IFERROR(__xludf.DUMMYFUNCTION("""COMPUTED_VALUE"""),"password") -> password | AM21: =IFERROR(__xludf.DUMMYFUNCTION("""COMPUTED_VALUE"""),"KANTOR REGIONAL IV SEMARANG 50004") -> KANTOR REGIONAL IV SEMARANG 50004 | AN21: =IFERROR(__xludf.DUMMYFUNCTION("""COMPUTED_VALUE"""),"KPRK KLATEN 57400") -> KPRK KLATEN 57400 | AO21: =IFERROR(__xludf.DUMMYFUNCTION("""COMPUTED_VALUE"""),"2707220048632") -> 2707220048632 | AP21: =IFERROR(__xludf.DUMMYFUNCTION("""COMPUTED_VALUE"""),"27072200486320001") -> 27072200486320001 | AT21: =IFERROR(__xludf.DUMMYFUNCTION("""COMPUTED_VALUE"""),"-7,683,103") -> -7,683,103 | AU21: =IFERROR(__xludf.DUMMYFUNCTION("""COMPUTED_VALUE"""),"110,635,031") -> 110,635,031 | AV21: =IFERROR(__xludf.DUMMYFUNCTION("""COMPUTED_VALUE"""),"ADA") -> ADA | AW21: =IFERROR(__xludf.DUMMYFUNCTION("""COMPUTED_VALUE"""),"ADA") -> ADA | BA21: =IFERROR(__xludf.DUMMYFUNCTION("""COMPUTED_VALUE"""),"ADA") -> ADA | BB21: =IFERROR(__xludf.DUMMYFUNCTION("""COMPUTED_VALUE"""),"ADA") -> ADA | BC21: =IFERROR(__xludf.DUMMYFUNCTION("""COMPUTED_VALUE"""),"ADA") -> ADA | BD21: =IFERROR(__xludf.DUMMYFUNCTION("""COMPUTED_VALUE"""),"ADA") -> ADA | BE21: =IFERROR(__xludf.DUMMYFUNCTION("""COMPUTED_VALUE"""),"ADA") -> ADA | BF21: =IFERROR(__xludf.DUMMYFUNCTION("""COMPUTED_VALUE"""),"ADA") -> ADA | BG21: =IFERROR(__xludf.DUMMYFUNCTION("""COMPUTED_VALUE"""),"ADA") -> ADA | BH21: =IFERROR(__xludf.DUMMYFUNCTION("""COMPUTED_VALUE"""),"CANON MP280") -> CANON MP280 | BI21: =IFERROR(__xludf.DUMMYFUNCTION("""COMPUTED_VALUE"""),"ADA") -> ADA | BJ21: =IFERROR(__xludf.DUMMYFUNCTION("""COMPUTED_VALUE"""),"KERTAS HVS") -> KERTAS HVS | BK21: =IFERROR(__xludf.DUMMYFUNCTION("""COMPUTED_VALUE"""),"TIDAK ADA") -> TIDAK ADA | BL21: =IFERROR(__xludf.DUMMYFUNCTION("""COMPUTED_VALUE"""),"PLAFON") -> PLAFON | BV21: =IFERROR(__xludf.DUMMYFUNCTION("""COMPUTED_VALUE"""),"Gading Santren Rt 002/ Rw 009,Belang Wetan,Klaten ") -> Gading Santren Rt 002/ Rw 009,Belang Wetan,Klaten
A22: =IFERROR(__xludf.DUMMYFUNCTION("""COMPUTED_VALUE"""),19.0) -> 19 | B22: =IFERROR(__xludf.DUMMYFUNCTION("""COMPUTED_VALUE"""),"19 Januari 2022") -> 19 Januari 2022 | C22: =IFERROR(__xludf.DUMMYFUNCTION("""COMPUTED_VALUE"""),"19 Januari 2022") -> 19 Januari 2022 | F22: =IFERROR(__xludf.DUMMYFUNCTION("""COMPUTED_VALUE"""),"18 OKTOBER 2022") -> 18 OKTOBER 2022 | G22: =IFERROR(__xludf.DUMMYFUNCTION("""COMPUTED_VALUE"""),44852.0) -> 44852 | P22: =IFERROR(__xludf.DUMMYFUNCTION("""COMPUTED_VALUE"""),"52BSPA12934JTYNA") -> 52BSPA12934JTYNA | Q22: =IFERROR(__xludf.DUMMYFUNCTION("""COMPUTED_VALUE"""),"ppob wahyu") -> ppob wahyu | R22: =IFERROR(__xludf.DUMMYFUNCTION("""COMPUTED_VALUE"""),"PPOB Wahyu") -> PPOB Wahyu | S22: =IFERROR(__xludf.DUMMYFUNCTION("""COMPUTED_VALUE"""),"Heri Suyanto") -> Heri Suyanto | T22: =IFERROR(__xludf.DUMMYFUNCTION("""COMPUTED_VALUE"""),"Sutan 01/09,Jogosetran, Kalikotes,Klaten 57451") -> Sutan 01/09,Jogosetran, Kalikotes,Klaten 57451 | U22: =IFERROR(__xludf.DUMMYFUNCTION("""COMPUTED_VALUE"""),"Sutan 01/09,Jogosetran, Kalikotes,Klaten 57451") -> Sutan 01/09,Jogosetran, Kalikotes,Klaten 57451 | V22: =IFERROR(__xludf.DUMMYFUNCTION("""COMPUTED_VALUE"""),"001/009") -> 001/009 | W22: =IFERROR(__xludf.DUMMYFUNCTION("""COMPUTED_VALUE"""),"KEL.JOGOSETRAN") -> KEL.JOGOSETRAN | X22: =IFERROR(__xludf.DUMMYFUNCTION("""COMPUTED_VALUE"""),"KEC.KALIKOTES") -> KEC.KALIKOTES | Y22: =IFERROR(__xludf.DUMMYFUNCTION("""COMPUTED_VALUE"""),"KLATEN, JATENG") -> KLATEN, JATENG | Z22: =IFERROR(__xludf.DUMMYFUNCTION("""COMPUTED_VALUE"""),"JAWA TENGAH") -> JAWA TENGAH | AA22: =IFERROR(__xludf.DUMMYFUNCTION("""COMPUTED_VALUE"""),"57451") -> 57451 | AB22: =IFERROR(__xludf.DUMMYFUNCTION("""COMPUTED_VALUE"""),"1452181202155 (SIM A )") -> 1452181202155 (SIM A ) | AC22: =IFERROR(__xludf.DUMMYFUNCTION("""COMPUTED_VALUE"""),"58.708.557.2-525.000") -> 58.708.557.2-525.000 | AD22: =IFERROR(__xludf.DUMMYFUNCTION("""COMPUTED_VALUE"""),"CUM - YNA") -> CUM - YNA | AE22: =IFERROR(__xludf.DUMMYFUNCTION("""COMPUTED_VALUE"""),"SUB YOHANNITA") -> SUB YOHANNITA | AF22: =IFERROR(__xludf.DUMMYFUNCTION("""COMPUTED_VALUE"""),"085702051800") -> 085702051800 | AG22: =IFERROR(__xludf.DUMMYFUNCTION("""COMPUTED_VALUE"""),"085702051800") -> 085702051800 | AH22: =IFERROR(__xludf.DUMMYFUNCTION("""COMPUTED_VALUE"""),"suyantoheri151@gmail.com") -> suyantoheri151@gmail.com | AI22: =IFERROR(__xludf.DUMMYFUNCTION("""COMPUTED_VALUE"""),"57451S3") -> 57451S3 | AJ22: =IFERROR(__xludf.DUMMYFUNCTION("""COMPUTED_VALUE"""),"6210df2f64cf3253be1387b5") -> 6210df2f64cf3253be1387b5 | AK22: =IFERROR(__xludf.DUMMYFUNCTION("""COMPUTED_VALUE"""),"dm57451s3") -> dm57451s3 | AL22: =IFERROR(__xludf.DUMMYFUNCTION("""COMPUTED_VALUE"""),"password") -> password | AM22: =IFERROR(__xludf.DUMMYFUNCTION("""COMPUTED_VALUE"""),"KANTOR REGIONAL IV SEMARANG 50004") -> KANTOR REGIONAL IV SEMARANG 50004 | AN22: =IFERROR(__xludf.DUMMYFUNCTION("""COMPUTED_VALUE"""),"KPRK KLATEN 57400") -> KPRK KLATEN 57400 | AO22: =IFERROR(__xludf.DUMMYFUNCTION("""COMPUTED_VALUE"""),"0108220046764") -> 0108220046764 | AP22: =IFERROR(__xludf.DUMMYFUNCTION("""COMPUTED_VALUE"""),"01082200467640001") -> 01082200467640001 | AT22: =IFERROR(__xludf.DUMMYFUNCTION("""COMPUTED_VALUE"""),"-7,711,677") -> -7,711,677 | AU22: =IFERROR(__xludf.DUMMYFUNCTION("""COMPUTED_VALUE"""),"110,642,644") -> 110,642,644 | AV22: =IFERROR(__xludf.DUMMYFUNCTION("""COMPUTED_VALUE"""),"ADA") -> ADA | AW22: =IFERROR(__xludf.DUMMYFUNCTION("""COMPUTED_VALUE"""),"ADA") -> ADA | BA22: =IFERROR(__xludf.DUMMYFUNCTION("""COMPUTED_VALUE"""),"ADA") -> ADA | BB22: =IFERROR(__xludf.DUMMYFUNCTION("""COMPUTED_VALUE"""),"ADA") -> ADA | BC22: =IFERROR(__xludf.DUMMYFUNCTION("""COMPUTED_VALUE"""),"ADA") -> ADA | BD22: =IFERROR(__xludf.DUMMYFUNCTION("""COMPUTED_VALUE"""),"ADA") -> ADA | BE22: =IFERROR(__xludf.DUMMYFUNCTION("""COMPUTED_VALUE"""),"ADA") -> ADA | BF22: =IFERROR(__xludf.DUMMYFUNCTION("""COMPUTED_VALUE"""),"ADA") -> ADA | BG22: =IFERROR(__xludf.DUMMYFUNCTION("""COMPUTED_VALUE"""),"ADA") -> ADA | BH22: =IFERROR(__xludf.DUMMYFUNCTION("""COMPUTED_VALUE"""),"CANON IP2270") -> CANON IP2270 | BI22: =IFERROR(__xludf.DUMMYFUNCTION("""COMPUTED_VALUE"""),"ADA") -> ADA | BJ22: =IFERROR(__xludf.DUMMYFUNCTION("""COMPUTED_VALUE"""),"KERTAS HVS") -> KERTAS HVS | BK22: =IFERROR(__xludf.DUMMYFUNCTION("""COMPUTED_VALUE"""),"TIDAK ADA") -> TIDAK ADA | BL22: =IFERROR(__xludf.DUMMYFUNCTION("""COMPUTED_VALUE"""),"PLAFON") -> PLAFON | BN22: =IFERROR(__xludf.DUMMYFUNCTION("""COMPUTED_VALUE"""),"DK SUTAN RT 001 RW 009 DESA JOGOSETRAN KEC KALIKOTES KAB KLATEN JAWA TENGAH") -> DK SUTAN RT 001 RW 009 DESA JOGOSETRAN KEC KALIKOTES KAB KLATEN JAWA TENGAH | BO22: =IFERROR(__xludf.DUMMYFUNCTION("""COMPUTED_VALUE"""),"3310067110830001") -> 3310067110830001 | BP22: =IFERROR(__xludf.DUMMYFUNCTION("""COMPUTED_VALUE"""),"31-10-1983") -> 31-10-1983 | BQ22: =IFERROR(__xludf.DUMMYFUNCTION("""COMPUTED_VALUE"""),"43.074.241.1-525.000") -> 43.074.241.1-525.000 | BR22: =IFERROR(__xludf.DUMMYFUNCTION("""COMPUTED_VALUE"""),"085702051800 / 085728210911") -> 085702051800 / 085728210911 | BS22: =IFERROR(__xludf.DUMMYFUNCTION("""COMPUTED_VALUE"""),"suyantoheri151@gmail.com") -> suyantoheri151@gmail.com | BT22: =IFERROR(__xludf.DUMMYFUNCTION("""COMPUTED_VALUE"""),"ISTRI PEMILIK SEBELUMNYA") -> ISTRI PEMILIK SEBELUMNYA | BV22: =IFERROR(__xludf.DUMMYFUNCTION("""COMPUTED_VALUE"""),"Sutan 01/09,Jogosetran, Kalikotes,Klaten 57451") -> Sutan 01/09,Jogosetran, Kalikotes,Klaten 57451
A23: =IFERROR(__xludf.DUMMYFUNCTION("""COMPUTED_VALUE"""),20.0) -> 20 | P23: =IFERROR(__xludf.DUMMYFUNCTION("""COMPUTED_VALUE"""),"MAZNOEZ") -> MAZNOEZ | R23: =IFERROR(__xludf.DUMMYFUNCTION("""COMPUTED_VALUE"""),"RAMZEN ON") -> RAMZEN ON | AI23: =IFERROR(__xludf.DUMMYFUNCTION("""COMPUTED_VALUE"""),"NO ACC") -> NO ACC | AM23: =IFERROR(__xludf.DUMMYFUNCTION("""COMPUTED_VALUE"""),"KANTOR REGIONAL IV SEMARANG 50004") -> KANTOR REGIONAL IV SEMARANG 50004
A24: =IFERROR(__xludf.DUMMYFUNCTION("""COMPUTED_VALUE"""),21.0) -> 21 | B24: =IFERROR(__xludf.DUMMYFUNCTION("""COMPUTED_VALUE"""),"20 Januari 2022") -> 20 Januari 2022 | C24: =IFERROR(__xludf.DUMMYFUNCTION("""COMPUTED_VALUE"""),"20 Januari 2022") -> 20 Januari 2022 | P24: =IFERROR(__xludf.DUMMYFUNCTION("""COMPUTED_VALUE"""),"52BSPA22582JTGKR") -> 52BSPA22582JTGKR | Q24: =IFERROR(__xludf.DUMMYFUNCTION("""COMPUTED_VALUE"""),"PRATAMA CELL") -> PRATAMA CELL | R24: =IFERROR(__xludf.DUMMYFUNCTION("""COMPUTED_VALUE"""),"JM BUMIAYU") -> JM BUMIAYU | S24: =IFERROR(__xludf.DUMMYFUNCTION("""COMPUTED_VALUE"""),"Abdul Latif") -> Abdul Latif | T24: =IFERROR(__xludf.DUMMYFUNCTION("""COMPUTED_VALUE"""),"Jl. Diponogoro No 567 Krajan Jatisawit Kec. Bumiayu") -> Jl. Diponogoro No 567 Krajan Jatisawit Kec. Bumiayu | U24: =IFERROR(__xludf.DUMMYFUNCTION("""COMPUTED_VALUE"""),"JL. DIPONOGORO NO 567 KRAJAN JATISAWIT KEC. BUMIAYU") -> JL. DIPONOGORO NO 567 KRAJAN JATISAWIT KEC. BUMIAYU | W24: =IFERROR(__xludf.DUMMYFUNCTION("""COMPUTED_VALUE"""),"Krajan") -> Krajan | X24: =IFERROR(__xludf.DUMMYFUNCTION("""COMPUTED_VALUE"""),"Bumiayu") -> Bumiayu | Y24: =IFERROR(__xludf.DUMMYFUNCTION("""COMPUTED_VALUE"""),"Brebes") -> Brebes | Z24: =IFERROR(__xludf.DUMMYFUNCTION("""COMPUTED_VALUE"""),"JAWA TENGAH") -> JAWA TENGAH | AA24: =IFERROR(__xludf.DUMMYFUNCTION("""COMPUTED_VALUE"""),"52273") -> 52273 | AB24: =IFERROR(__xludf.DUMMYFUNCTION("""COMPUTED_VALUE"""),"3302180706940000") -> 3302180706940000 | AC24: =IFERROR(__xludf.DUMMYFUNCTION("""COMPUTED_VALUE"""),"06.000.617.8-521.000") -> 06.000.617.8-521.000 | AD24: =IFERROR(__xludf.DUMMYFUNCTION("""COMPUTED_VALUE"""),"CUM - KRS") -> CUM - KRS | AE24: =IFERROR(__xludf.DUMMYFUNCTION("""COMPUTED_VALUE"""),"SUB KARSINI") -> SUB KARSINI | AF24: =IFERROR(__xludf.DUMMYFUNCTION("""COMPUTED_VALUE"""),"081225647734") -> 081225647734 | AG24: =IFERROR(__xludf.DUMMYFUNCTION("""COMPUTED_VALUE"""),"81225647734") -> 81225647734 | AH24: =IFERROR(__xludf.DUMMYFUNCTION("""COMPUTED_VALUE"""),"abdullatif731294@gmail.com") -> abdullatif731294@gmail.com | AI24: =IFERROR(__xludf.DUMMYFUNCTION("""COMPUTED_VALUE"""),"52273S5") -> 52273S5 | AJ24: =IFERROR(__xludf.DUMMYFUNCTION("""COMPUTED_VALUE"""),"6210f99de9af7a6ed039c063") -> 6210f99de9af7a6ed039c063 | AK24: =IFERROR(__xludf.DUMMYFUNCTION("""COMPUTED_VALUE"""),"dm52273s5") -> dm52273s5 | AL24: =IFERROR(__xludf.DUMMYFUNCTION("""COMPUTED_VALUE"""),"password") -> password | AM24: =IFERROR(__xludf.DUMMYFUNCTION("""COMPUTED_VALUE"""),"KANTOR REGIONAL IV SEMARANG 50004") -> KANTOR REGIONAL IV SEMARANG 50004 | AN24: =IFERROR(__xludf.DUMMYFUNCTION("""COMPUTED_VALUE"""),"KPRK BREBES 52200") -> KPRK BREBES 52200 | AO24: =IFERROR(__xludf.DUMMYFUNCTION("""COMPUTED_VALUE"""),"0508220058843") -> 0508220058843 | AP24: =IFERROR(__xludf.DUMMYFUNCTION("""COMPUTED_VALUE"""),"05082200588430001") -> 05082200588430001 | AT24: =IFERROR(__xludf.DUMMYFUNCTION("""COMPUTED_VALUE"""),"-7,262,735") -> -7,262,735 | AU24: =IFERROR(__xludf.DUMMYFUNCTION("""COMPUTED_VALUE"""),"109. 010212") -> 109. 010212 | AV24: =IFERROR(__xludf.DUMMYFUNCTION("""COMPUTED_VALUE"""),"ADA") -> ADA | AW24: =IFERROR(__xludf.DUMMYFUNCTION("""COMPUTED_VALUE"""),"ADA") -> ADA | BA24: =IFERROR(__xludf.DUMMYFUNCTION("""COMPUTED_VALUE"""),"ADA") -> ADA | BB24: =IFERROR(__xludf.DUMMYFUNCTION("""COMPUTED_VALUE"""),"ADA") -> ADA | BC24: =IFERROR(__xludf.DUMMYFUNCTION("""COMPUTED_VALUE"""),"ADA") -> ADA | BD24: =IFERROR(__xludf.DUMMYFUNCTION("""COMPUTED_VALUE"""),"ADA") -> ADA | BE24: =IFERROR(__xludf.DUMMYFUNCTION("""COMPUTED_VALUE"""),"ADA") -> ADA | BL24: =IFERROR(__xludf.DUMMYFUNCTION("""COMPUTED_VALUE"""),"DEPOSIT") -> DEPOSIT | BV24: =IFERROR(__xludf.DUMMYFUNCTION("""COMPUTED_VALUE"""),"Jl. Diponogoro No 567 Krajan Jatisawit Kec. Bumiayu") -> Jl. Diponogoro No 567 Krajan Jatisawit Kec. Bumiayu
A25: =IFERROR(__xludf.DUMMYFUNCTION("""COMPUTED_VALUE"""),22.0) -> 22 | B25: =IFERROR(__xludf.DUMMYFUNCTION("""COMPUTED_VALUE"""),"20 Januari 2022") -> 20 Januari 2022 | C25: =IFERROR(__xludf.DUMMYFUNCTION("""COMPUTED_VALUE"""),"20 Januari 2022") -> 20 Januari 2022 | F25: =IFERROR(__xludf.DUMMYFUNCTION("""COMPUTED_VALUE"""),"2 NOPEMBER 2022") -> 2 NOPEMBER 2022 | P25: =IFERROR(__xludf.DUMMYFUNCTION("""COMPUTED_VALUE"""),"52BSPA22786JTKRS") -> 52BSPA22786JTKRS | Q25: =IFERROR(__xludf.DUMMYFUNCTION("""COMPUTED_VALUE"""),"HIKMAH") -> HIKMAH | R25: =IFERROR(__xludf.DUMMYFUNCTION("""COMPUTED_VALUE"""),"HIKMAH") -> HIKMAH | S25: =IFERROR(__xludf.DUMMYFUNCTION("""COMPUTED_VALUE"""),"Tinto Fourdianto") -> Tinto Fourdianto | T25: =IFERROR(__xludf.DUMMYFUNCTION("""COMPUTED_VALUE"""),"Jalan Raya Desa Kemutug Kidul Rt 06 Rw 02") -> Jalan Raya Desa Kemutug Kidul Rt 06 Rw 02 | U25: =IFERROR(__xludf.DUMMYFUNCTION("""COMPUTED_VALUE"""),"Jl. RAYA DESA KEMUTUG KIDUL RT 06 RW 02 KEC. BATURRADEN 53151") -> Jl. RAYA DESA KEMUTUG KIDUL RT 06 RW 02 KEC. BATURRADEN 53151 | V25: =IFERROR(__xludf.DUMMYFUNCTION("""COMPUTED_VALUE"""),"006/002") -> 006/002 | W25: =IFERROR(__xludf.DUMMYFUNCTION("""COMPUTED_VALUE"""),"Kemutug Kidul") -> Kemutug Kidul | X25: =IFERROR(__xludf.DUMMYFUNCTION("""COMPUTED_VALUE"""),"Baturaden") -> Baturaden | Y25: =IFERROR(__xludf.DUMMYFUNCTION("""COMPUTED_VALUE"""),"Banyumas") -> Banyumas | Z25: =IFERROR(__xludf.DUMMYFUNCTION("""COMPUTED_VALUE"""),"JAWA TENGAH") -> JAWA TENGAH | AA25: =IFERROR(__xludf.DUMMYFUNCTION("""COMPUTED_VALUE"""),"53151") -> 53151 | AB25: =IFERROR(__xludf.DUMMYFUNCTION("""COMPUTED_VALUE"""),"3302221501920002") -> 3302221501920002 | AC25: =IFERROR(__xludf.DUMMYFUNCTION("""COMPUTED_VALUE"""),"76.250.436.3-521.000") -> 76.250.436.3-521.000 | AD25: =IFERROR(__xludf.DUMMYFUNCTION("""COMPUTED_VALUE"""),"CUM - KRS") -> CUM - KRS | AE25: =IFERROR(__xludf.DUMMYFUNCTION("""COMPUTED_VALUE"""),"SUB KARSINI") -> SUB KARSINI | AF25: =IFERROR(__xludf.DUMMYFUNCTION("""COMPUTED_VALUE"""),"(0281) 681129/ 0857 2625 9797") -> (0281) 681129/ 0857 2625 9797 | AG25: =IFERROR(__xludf.DUMMYFUNCTION("""COMPUTED_VALUE"""),"(0281) 681129/ 0857 2625 9797") -> (0281) 681129/ 0857 2625 9797 | AH25: =IFERROR(__xludf.DUMMYFUNCTION("""COMPUTED_VALUE"""),"tintofourdianto@gmail.com") -> tintofourdianto@gmail.com | AI25: =IFERROR(__xludf.DUMMYFUNCTION("""COMPUTED_VALUE"""),"53151S4") -> 53151S4 | AJ25: =IFERROR(__xludf.DUMMYFUNCTION("""COMPUTED_VALUE"""),"6210e9ccd13310575a4e9474") -> 6210e9ccd13310575a4e9474 | AK25: =IFERROR(__xludf.DUMMYFUNCTION("""COMPUTED_VALUE"""),"dm53151s4") -> dm53151s4 | AL25: =IFERROR(__xludf.DUMMYFUNCTION("""COMPUTED_VALUE"""),"password") -> password | AM25: =IFERROR(__xludf.DUMMYFUNCTION("""COMPUTED_VALUE"""),"KANTOR REGIONAL IV SEMARANG 50004") -> KANTOR REGIONAL IV SEMARANG 50004 | AN25: =IFERROR(__xludf.DUMMYFUNCTION("""COMPUTED_VALUE"""),"KPRK BANYUMAS 53100") -> KPRK BANYUMAS 53100 | AO25: =IFERROR(__xludf.DUMMYFUNCTION("""COMPUTED_VALUE"""),"0208220052154") -> 0208220052154 | AP25: =IFERROR(__xludf.DUMMYFUNCTION("""COMPUTED_VALUE"""),"02082200521540001") -> 02082200521540001 | AT25: =IFERROR(__xludf.DUMMYFUNCTION("""COMPUTED_VALUE"""),"-7,342,765") -> -7,342,765 | AU25: =IFERROR(__xludf.DUMMYFUNCTION("""COMPUTED_VALUE"""),"109,237,595") -> 109,237,595 | AV25: =IFERROR(__xludf.DUMMYFUNCTION("""COMPUTED_VALUE"""),"ADA") -> ADA | AW25: =IFERROR(__xludf.DUMMYFUNCTION("""COMPUTED_VALUE"""),"ADA") -> ADA | BA25: =IFERROR(__xludf.DUMMYFUNCTION("""COMPUTED_VALUE"""),"ADA") -> ADA | BB25: =IFERROR(__xludf.DUMMYFUNCTION("""COMPUTED_VALUE"""),"ADA") -> ADA | BC25: =IFERROR(__xludf.DUMMYFUNCTION("""COMPUTED_VALUE"""),"ADA") -> ADA | BD25: =IFERROR(__xludf.DUMMYFUNCTION("""COMPUTED_VALUE"""),"ADA") -> ADA | BE25: =IFERROR(__xludf.DUMMYFUNCTION("""COMPUTED_VALUE"""),"ADA") -> ADA | BF25: =IFERROR(__xludf.DUMMYFUNCTION("""COMPUTED_VALUE"""),"ADA") -> ADA | BG25: =IFERROR(__xludf.DUMMYFUNCTION("""COMPUTED_VALUE"""),"ADA") -> ADA | BH25: =IFERROR(__xludf.DUMMYFUNCTION("""COMPUTED_VALUE"""),"EPSON L3210") -> EPSON L3210 | BI25: =IFERROR(__xludf.DUMMYFUNCTION("""COMPUTED_VALUE"""),"ADA") -> ADA | BJ25: =IFERROR(__xludf.DUMMYFUNCTION("""COMPUTED_VALUE"""),"ADA") -> ADA | BK25: =IFERROR(__xludf.DUMMYFUNCTION("""COMPUTED_VALUE"""),"TIDAK ADA") -> TIDAK ADA | BL25: =IFERROR(__xludf.DUMMYFUNCTION("""COMPUTED_VALUE"""),"DEPOSIT") -> DEPOSIT | BV25: =IFERROR(__xludf.DUMMYFUNCTION("""COMPUTED_VALUE"""),"Jalan Raya Desa Kemutug Kidul Rt 06 Rw 02") -> Jalan Raya Desa Kemutug Kidul Rt 06 Rw 02
A26: =IFERROR(__xludf.DUMMYFUNCTION("""COMPUTED_VALUE"""),23.0) -> 23 | B26: =IFERROR(__xludf.DUMMYFUNCTION("""COMPUTED_VALUE"""),"20 Januari 2022") -> 20 Januari 2022 | C26: =IFERROR(__xludf.DUMMYFUNCTION("""COMPUTED_VALUE"""),"20 Januari 2022") -> 20 Januari 2022 | K26: =IFERROR(__xludf.DUMMYFUNCTION("""COMPUTED_VALUE"""),"konfirmasi ke orang rumah") -> konfirmasi ke orang rumah | P26: =IFERROR(__xludf.DUMMYFUNCTION("""COMPUTED_VALUE"""),"52BSPA02772JTGKR") -> 52BSPA02772JTGKR | Q26: =IFERROR(__xludf.DUMMYFUNCTION("""COMPUTED_VALUE"""),"CAHAYA MITRA ABADI") -> CAHAYA MITRA ABADI | R26: =IFERROR(__xludf.DUMMYFUNCTION("""COMPUTED_VALUE"""),"CAHAYA MITRA ABADI") -> CAHAYA MITRA ABADI | S26: =IFERROR(__xludf.DUMMYFUNCTION("""COMPUTED_VALUE"""),"Saifurokhman") -> Saifurokhman | T26: =IFERROR(__xludf.DUMMYFUNCTION("""COMPUTED_VALUE"""),"Kedungbanteng Rt 02 Rw 03 Kec. Kedungbanteng Kab. Banyumas Jateng 53152") -> Kedungbanteng Rt 02 Rw 03 Kec. Kedungbanteng Kab. Banyumas Jateng 53152 | U26: =IFERROR(__xludf.DUMMYFUNCTION("""COMPUTED_VALUE"""),"KEDUNGBANTENG RT 02 RW 03 KEC. KEDUNGBANTENG KAB. BANYUMAS Jateng 53152") -> KEDUNGBANTENG RT 02 RW 03 KEC. KEDUNGBANTENG KAB. BANYUMAS Jateng 53152 | V26: =IFERROR(__xludf.DUMMYFUNCTION("""COMPUTED_VALUE"""),"002/003") -> 002/003 | W26: =IFERROR(__xludf.DUMMYFUNCTION("""COMPUTED_VALUE"""),"Kedung Banteng") -> Kedung Banteng | X26: =IFERROR(__xludf.DUMMYFUNCTION("""COMPUTED_VALUE"""),"Kedungbanteng") -> Kedungbanteng | Y26: =IFERROR(__xludf.DUMMYFUNCTION("""COMPUTED_VALUE"""),"Banyumas") -> Banyumas | Z26: =IFERROR(__xludf.DUMMYFUNCTION("""COMPUTED_VALUE"""),"JAWA TENGAH") -> JAWA TENGAH | AA26: =IFERROR(__xludf.DUMMYFUNCTION("""COMPUTED_VALUE"""),"53152") -> 53152 | AB26: =IFERROR(__xludf.DUMMYFUNCTION("""COMPUTED_VALUE"""),"3302230101770002") -> 3302230101770002 | AC26: =IFERROR(__xludf.DUMMYFUNCTION("""COMPUTED_VALUE""")," 812.872.331.521.000 ") -> 812.872.331.521.000 | AD26: =IFERROR(__xludf.DUMMYFUNCTION("""COMPUTED_VALUE"""),"CUM - KRS") -> CUM - KRS | AE26: =IFERROR(__xludf.DUMMYFUNCTION("""COMPUTED_VALUE"""),"SUB KARSINI") -> SUB KARSINI | AF26: =IFERROR(__xludf.DUMMYFUNCTION("""COMPUTED_VALUE"""),"085101691380") -> 085101691380 | AG26: =IFERROR(__xludf.DUMMYFUNCTION("""COMPUTED_VALUE"""),"085101691380") -> 085101691380 | AH26: =IFERROR(__xludf.DUMMYFUNCTION("""COMPUTED_VALUE"""),"saifurokhmanlodia@gmail.com") -> saifurokhmanlodia@gmail.com | AI26: =IFERROR(__xludf.DUMMYFUNCTION("""COMPUTED_VALUE"""),"53152S2") -> 53152S2 | AJ26: =IFERROR(__xludf.DUMMYFUNCTION("""COMPUTED_VALUE"""),"6210e916b5f9414e0c49de34") -> 6210e916b5f9414e0c49de34 | AK26: =IFERROR(__xludf.DUMMYFUNCTION("""COMPUTED_VALUE"""),"dm53152s2") -> dm53152s2 | AL26: =IFERROR(__xludf.DUMMYFUNCTION("""COMPUTED_VALUE"""),"password") -> password | AM26: =IFERROR(__xludf.DUMMYFUNCTION("""COMPUTED_VALUE"""),"KANTOR REGIONAL IV SEMARANG 50004") -> KANTOR REGIONAL IV SEMARANG 50004 | AN26: =IFERROR(__xludf.DUMMYFUNCTION("""COMPUTED_VALUE"""),"KPRK BANYUMAS 53100") -> KPRK BANYUMAS 53100 | AO26: =IFERROR(__xludf.DUMMYFUNCTION("""COMPUTED_VALUE"""),"0208220057363") -> 0208220057363 | AP26: =IFERROR(__xludf.DUMMYFUNCTION("""COMPUTED_VALUE"""),"02082200573630001") -> 02082200573630001 | AT26: =IFERROR(__xludf.DUMMYFUNCTION("""COMPUTED_VALUE"""),"-73,550,612.00") -> -73,550,612.00 | AU26: =IFERROR(__xludf.DUMMYFUNCTION("""COMPUTED_VALUE"""),"1,092,332,203") -> 1,092,332,203 | AV26: =IFERROR(__xludf.DUMMYFUNCTION("""COMPUTED_VALUE"""),"ADA") -> ADA | AW26: =IFERROR(__xludf.DUMMYFUNCTION("""COMPUTED_VALUE"""),"ADA") -> ADA | BA26: =IFERROR(__xludf.DUMMYFUNCTION("""COMPUTED_VALUE"""),"ADA") -> ADA | BB26: =IFERROR(__xludf.DUMMYFUNCTION("""COMPUTED_VALUE"""),"ADA") -> ADA | BC26: =IFERROR(__xludf.DUMMYFUNCTION("""COMPUTED_VALUE"""),"ADA") -> ADA | BD26: =IFERROR(__xludf.DUMMYFUNCTION("""COMPUTED_VALUE"""),"ADA") -> ADA | BE26: =IFERROR(__xludf.DUMMYFUNCTION("""COMPUTED_VALUE"""),"ADA") -> ADA | BF26: =IFERROR(__xludf.DUMMYFUNCTION("""COMPUTED_VALUE"""),"ADA") -> ADA | BG26: =IFERROR(__xludf.DUMMYFUNCTION("""COMPUTED_VALUE"""),"ADA") -> ADA | BH26: =IFERROR(__xludf.DUMMYFUNCTION("""COMPUTED_VALUE"""),"TIDAK ADA") -> TIDAK ADA | BI26: =IFERROR(__xludf.DUMMYFUNCTION("""COMPUTED_VALUE"""),"TIDAK ADA") -> TIDAK ADA | BJ26: =IFERROR(__xludf.DUMMYFUNCTION("""COMPUTED_VALUE"""),"TIDAK ADA") -> TIDAK ADA | BK26: =IFERROR(__xludf.DUMMYFUNCTION("""COMPUTED_VALUE"""),"TIDAK ADA") -> TIDAK ADA | BL26: =IFERROR(__xludf.DUMMYFUNCTION("""COMPUTED_VALUE"""),"PLAFON") -> PLAFON | BV26: =IFERROR(__xludf.DUMMYFUNCTION("""COMPUTED_VALUE"""),"Kedungbanteng Rt 02 Rw 03 Kec. Kedungbanteng Kab. Banyumas Jateng 53152") -> Kedungbanteng Rt 02 Rw 03 Kec. Kedungbanteng Kab. Banyumas Jateng 53152
A27: =IFERROR(__xludf.DUMMYFUNCTION("""COMPUTED_VALUE"""),24.0) -> 24 | B27: =IFERROR(__xludf.DUMMYFUNCTION("""COMPUTED_VALUE"""),"21 Januari 2022") -> 21 Januari 2022 | C27: =IFERROR(__xludf.DUMMYFUNCTION("""COMPUTED_VALUE"""),"21 Januari 2022") -> 21 Januari 2022 | F27: =IFERROR(__xludf.DUMMYFUNCTION("""COMPUTED_VALUE"""),"11 AGUSTUS 2022") -> 11 AGUSTUS 2022 | G27: =IFERROR(__xludf.DUMMYFUNCTION("""COMPUTED_VALUE"""),44784.0) -> 44784 | J27: =IFERROR(__xludf.DUMMYFUNCTION("""COMPUTED_VALUE"""),"23/08/2022") -> 23/08/2022 | P27: =IFERROR(__xludf.DUMMYFUNCTION("""COMPUTED_VALUE"""),"52BSPA12760JTYNA") -> 52BSPA12760JTYNA | Q27: =IFERROR(__xludf.DUMMYFUNCTION("""COMPUTED_VALUE"""),"mbak anis") -> mbak anis | R27: =IFERROR(__xludf.DUMMYFUNCTION("""COMPUTED_VALUE"""),"MBAK ANIS") -> MBAK ANIS | S27: =IFERROR(__xludf.DUMMYFUNCTION("""COMPUTED_VALUE"""),"Anis Purwandari") -> Anis Purwandari | T27: =IFERROR(__xludf.DUMMYFUNCTION("""COMPUTED_VALUE"""),"Krajan Rt01 Rw06 Kel. Laban Kec. Mojolaban 57554") -> Krajan Rt01 Rw06 Kel. Laban Kec. Mojolaban 57554 | U27: =IFERROR(__xludf.DUMMYFUNCTION("""COMPUTED_VALUE"""),"KRAJAN RT01 RW06 KEL. LABAN KEC. MOJOLABAN 57554") -> KRAJAN RT01 RW06 KEL. LABAN KEC. MOJOLABAN 57554 | V27: =IFERROR(__xludf.DUMMYFUNCTION("""COMPUTED_VALUE"""),"001/006") -> 001/006 | W27: =IFERROR(__xludf.DUMMYFUNCTION("""COMPUTED_VALUE"""),"KEL.LABAN") -> KEL.LABAN | X27: =IFERROR(__xludf.DUMMYFUNCTION("""COMPUTED_VALUE"""),"KEC.MOJOLABAN") -> KEC.MOJOLABAN | Y27: =IFERROR(__xludf.DUMMYFUNCTION("""COMPUTED_VALUE"""),"Sukoharjo ") -> Sukoharjo | Z27: =IFERROR(__xludf.DUMMYFUNCTION("""COMPUTED_VALUE"""),"JAWA TENGAH") -> JAWA TENGAH | AA27: =IFERROR(__xludf.DUMMYFUNCTION("""COMPUTED_VALUE"""),"57554") -> 57554 | AB27: =IFERROR(__xludf.DUMMYFUNCTION("""COMPUTED_VALUE"""),"3311085011860001") -> 3311085011860001 | AC27: =IFERROR(__xludf.DUMMYFUNCTION("""COMPUTED_VALUE"""),"905202214532000") -> 905202214532000 | AD27: =IFERROR(__xludf.DUMMYFUNCTION("""COMPUTED_VALUE"""),"CUM - YNA") -> CUM - YNA | AE27: =IFERROR(__xludf.DUMMYFUNCTION("""COMPUTED_VALUE"""),"SUB YOHANNITA") -> SUB YOHANNITA | AF27: =IFERROR(__xludf.DUMMYFUNCTION("""COMPUTED_VALUE"""),"085725405211") -> 085725405211 | AG27: =IFERROR(__xludf.DUMMYFUNCTION("""COMPUTED_VALUE"""),"085725405211") -> 085725405211 | AH27: =IFERROR(__xludf.DUMMYFUNCTION("""COMPUTED_VALUE"""),"dedenanto@gmail.com") -> dedenanto@gmail.com | AI27: =IFERROR(__xludf.DUMMYFUNCTION("""COMPUTED_VALUE"""),"57554S2") -> 57554S2 | AJ27: =IFERROR(__xludf.DUMMYFUNCTION("""COMPUTED_VALUE"""),"621f707891da9966b21ce361") -> 621f707891da9966b21ce361 | AK27: =IFERROR(__xludf.DUMMYFUNCTION("""COMPUTED_VALUE"""),"dm57554s2") -> dm57554s2 | AL27: =IFERROR(__xludf.DUMMYFUNCTION("""COMPUTED_VALUE"""),"password") -> password | AM27: =IFERROR(__xludf.DUMMYFUNCTION("""COMPUTED_VALUE"""),"KANTOR REGIONAL IV SEMARANG 50004") -> KANTOR REGIONAL IV SEMARANG 50004 | AN27: =IFERROR(__xludf.DUMMYFUNCTION("""COMPUTED_VALUE"""),"KPRK SOLO 57100") -> KPRK SOLO 57100 | AO27: =IFERROR(__xludf.DUMMYFUNCTION("""COMPUTED_VALUE"""),"1215000660323") -> 1215000660323 | AP27: =IFERROR(__xludf.DUMMYFUNCTION("""COMPUTED_VALUE"""),"12150006603230001") -> 12150006603230001 | AT27: =IFERROR(__xludf.DUMMYFUNCTION("""COMPUTED_VALUE"""),"-75,997,702") -> -75,997,702 | AU27: =IFERROR(__xludf.DUMMYFUNCTION("""COMPUTED_VALUE"""),"1,108,361,854") -> 1,108,361,854 | AV27: =IFERROR(__xludf.DUMMYFUNCTION("""COMPUTED_VALUE"""),"ADA") -> ADA | AW27: =IFERROR(__xludf.DUMMYFUNCTION("""COMPUTED_VALUE"""),"ADA") -> ADA | BA27: =IFERROR(__xludf.DUMMYFUNCTION("""COMPUTED_VALUE"""),"ADA") -> ADA | BB27: =IFERROR(__xludf.DUMMYFUNCTION("""COMPUTED_VALUE"""),"ADA") -> ADA | BC27: =IFERROR(__xludf.DUMMYFUNCTION("""COMPUTED_VALUE"""),"ADA") -> ADA | BD27: =IFERROR(__xludf.DUMMYFUNCTION("""COMPUTED_VALUE"""),"ADA") -> ADA | BE27: =IFERROR(__xludf.DUMMYFUNCTION("""COMPUTED_VALUE"""),"ADA") -> ADA | BF27: =IFERROR(__xludf.DUMMYFUNCTION("""COMPUTED_VALUE"""),"ADA") -> ADA | BG27: =IFERROR(__xludf.DUMMYFUNCTION("""COMPUTED_VALUE"""),"ADA") -> ADA | BH27: =IFERROR(__xludf.DUMMYFUNCTION("""COMPUTED_VALUE"""),"EPSONL120") -> EPSONL120 | BI27: =IFERROR(__xludf.DUMMYFUNCTION("""COMPUTED_VALUE"""),"ADA") -> ADA | BJ27: =IFERROR(__xludf.DUMMYFUNCTION("""COMPUTED_VALUE"""),"KERTAS HVS") -> KERTAS HVS | BK27: =IFERROR(__xludf.DUMMYFUNCTION("""COMPUTED_VALUE"""),"TIDAK ADA") -> TIDAK ADA | BL27: =IFERROR(__xludf.DUMMYFUNCTION("""COMPUTED_VALUE"""),"PLAFON") -> PLAFON | BN27: =IFERROR(__xludf.DUMMYFUNCTION("""COMPUTED_VALUE"""),"Krajan, Laban, Mojolaban Kab Sukoharjo Jawa Tengah") -> Krajan, Laban, Mojolaban Kab Sukoharjo Jawa Tengah | BO27: =IFERROR(__xludf.DUMMYFUNCTION("""COMPUTED_VALUE"""),"3311071406860005") -> 3311071406860005 | BP27: =IFERROR(__xludf.DUMMYFUNCTION("""COMPUTED_VALUE"""),"14-06-1986") -> 14-06-1986 | BQ27: =IFERROR(__xludf.DUMMYFUNCTION("""COMPUTED_VALUE"""),"90.520.221.4-532.000") -> 90.520.221.4-532.000 | BR27: =IFERROR(__xludf.DUMMYFUNCTION("""COMPUTED_VALUE"""),"085725405211") -> 085725405211 | BS27: =IFERROR(__xludf.DUMMYFUNCTION("""COMPUTED_VALUE"""),"dedenanto@gmail.com") -> dedenanto@gmail.com | BT27: =IFERROR(__xludf.DUMMYFUNCTION("""COMPUTED_VALUE"""),"SUAMI PEMILIK SEBELUMNYA") -> SUAMI PEMILIK SEBELUMNYA | BV27: =IFERROR(__xludf.DUMMYFUNCTION("""COMPUTED_VALUE"""),"Krajan Rt01 Rw06 Kel. Laban Kec. Mojolaban 57554") -> Krajan Rt01 Rw06 Kel. Laban Kec. Mojolaban 57554
A28: =IFERROR(__xludf.DUMMYFUNCTION("""COMPUTED_VALUE"""),25.0) -> 25 | B28: =IFERROR(__xludf.DUMMYFUNCTION("""COMPUTED_VALUE"""),"03 februari 2022") -> 03 februari 2022 | C28: =IFERROR(__xludf.DUMMYFUNCTION("""COMPUTED_VALUE"""),"03 februari 2022") -> 03 februari 2022 | K28: =IFERROR(__xludf.DUMMYFUNCTION("""COMPUTED_VALUE"""),"lost contact dengan Pak Asep Rosad") -> lost contact dengan Pak Asep Rosad | P28: =IFERROR(__xludf.DUMMYFUNCTION("""COMPUTED_VALUE"""),"53BSPA06421JBASR") -> 53BSPA06421JBASR | Q28: =IFERROR(__xludf.DUMMYFUNCTION("""COMPUTED_VALUE"""),"AZKA ") -> AZKA | R28: =IFERROR(__xludf.DUMMYFUNCTION("""COMPUTED_VALUE"""),"AZKA") -> AZKA | S28: =IFERROR(__xludf.DUMMYFUNCTION("""COMPUTED_VALUE"""),"DUDUN JUNAEDI") -> DUDUN JUNAEDI | T28: =IFERROR(__xludf.DUMMYFUNCTION("""COMPUTED_VALUE"""),"KP. LEGOK KOPO RT02 RW03 KEL. PADALUYU KEC. TANGGEUNG KAB. CIANJUR") -> KP. LEGOK KOPO RT02 RW03 KEL. PADALUYU KEC. TANGGEUNG KAB. CIANJUR | U28: =IFERROR(__xludf.DUMMYFUNCTION("""COMPUTED_VALUE"""),"KP.PADAMAMUR RT 002 RW 005") -> KP.PADAMAMUR RT 002 RW 005 | V28: =IFERROR(__xludf.DUMMYFUNCTION("""COMPUTED_VALUE"""),"002/003") -> 002/003 | W28: =IFERROR(__xludf.DUMMYFUNCTION("""COMPUTED_VALUE"""),"KEL.PADALUYUNG") -> KEL.PADALUYUNG | X28: =IFERROR(__xludf.DUMMYFUNCTION("""COMPUTED_VALUE"""),"KEC.TANGGEUNG") -> KEC.TANGGEUNG | Y28: =IFERROR(__xludf.DUMMYFUNCTION("""COMPUTED_VALUE"""),"KAB.CIANJUR") -> KAB.CIANJUR | Z28: =IFERROR(__xludf.DUMMYFUNCTION("""COMPUTED_VALUE"""),"JAWA BARAT") -> JAWA BARAT | AA28: =IFERROR(__xludf.DUMMYFUNCTION("""COMPUTED_VALUE"""),"45114") -> 45114 | AB28: =IFERROR(__xludf.DUMMYFUNCTION("""COMPUTED_VALUE"""),"3203190211730000") -> 3203190211730000 | AC28: =IFERROR(__xludf.DUMMYFUNCTION("""COMPUTED_VALUE"""),"25.115.883.8-412.000") -> 25.115.883.8-412.000 | AE28: =IFERROR(__xludf.DUMMYFUNCTION("""COMPUTED_VALUE"""),"ASEP ROSAD") -> ASEP ROSAD | AF28: =IFERROR(__xludf.DUMMYFUNCTION("""COMPUTED_VALUE"""),"0812-2223-7639") -> 0812-2223-7639 | AG28: =IFERROR(__xludf.DUMMYFUNCTION("""COMPUTED_VALUE"""),"0812-2223-7639") -> 0812-2223-7639 | AI28: =IFERROR(__xludf.DUMMYFUNCTION("""COMPUTED_VALUE"""),"43267S2") -> 43267S2 | AJ28: =IFERROR(__xludf.DUMMYFUNCTION("""COMPUTED_VALUE"""),"620f4d8a5c7ae464300d1516") -> 620f4d8a5c7ae464300d1516 | AK28: =IFERROR(__xludf.DUMMYFUNCTION("""COMPUTED_VALUE"""),"dm43267s2") -> dm43267s2 | AL28: =IFERROR(__xludf.DUMMYFUNCTION("""COMPUTED_VALUE"""),"password") -> password | AN28: =IFERROR(__xludf.DUMMYFUNCTION("""COMPUTED_VALUE"""),"KPRK CIANJUR 43200") -> KPRK CIANJUR 43200 | AT28: =IFERROR(__xludf.DUMMYFUNCTION("""COMPUTED_VALUE"""),"-7,235,686") -> -7,235,686 | AU28: =IFERROR(__xludf.DUMMYFUNCTION("""COMPUTED_VALUE"""),"1,071,324,969") -> 1,071,324,969 | AV28: =IFERROR(__xludf.DUMMYFUNCTION("""COMPUTED_VALUE"""),"ADA") -> ADA | AW28: =IFERROR(__xludf.DUMMYFUNCTION("""COMPUTED_VALUE"""),"ADA") -> ADA | BA28: =IFERROR(__xludf.DUMMYFUNCTION("""COMPUTED_VALUE"""),"ADA") -> ADA | BB28: =IFERROR(__xludf.DUMMYFUNCTION("""COMPUTED_VALUE"""),"ADA") -> ADA | BE28: =IFERROR(__xludf.DUMMYFUNCTION("""COMPUTED_VALUE"""),"ADA") -> ADA | BF28: =IFERROR(__xludf.DUMMYFUNCTION("""COMPUTED_VALUE"""),"ADA") -> ADA | BG28: =IFERROR(__xludf.DUMMYFUNCTION("""COMPUTED_VALUE"""),"ADA") -> ADA | BI28: =IFERROR(__xludf.DUMMYFUNCTION("""COMPUTED_VALUE"""),"TIDAK ADA") -> TIDAK ADA | BJ28: =IFERROR(__xludf.DUMMYFUNCTION("""COMPUTED_VALUE"""),"TIDAK ADA") -> TIDAK ADA | BK28: =IFERROR(__xludf.DUMMYFUNCTION("""COMPUTED_VALUE"""),"TIDAK ADA") -> TIDAK ADA | BL28: =IFERROR(__xludf.DUMMYFUNCTION("""COMPUTED_VALUE"""),"PLAFON") -> PLAFON
A29: =IFERROR(__xludf.DUMMYFUNCTION("""COMPUTED_VALUE"""),26.0) -> 26 | B29: =IFERROR(__xludf.DUMMYFUNCTION("""COMPUTED_VALUE"""),"07 FEBRUARI 2022") -> 07 FEBRUARI 2022 | C29: =IFERROR(__xludf.DUMMYFUNCTION("""COMPUTED_VALUE"""),"07 FEBRUARI 2022") -> 07 FEBRUARI 2022 | F29: =IFERROR(__xludf.DUMMYFUNCTION("""COMPUTED_VALUE"""),"22 AGUSTUS 2022") -> 22 AGUSTUS 2022 | G29: =IFERROR(__xludf.DUMMYFUNCTION("""COMPUTED_VALUE"""),44795.0) -> 44795 | I29: =IFERROR(__xludf.DUMMYFUNCTION("""COMPUTED_VALUE"""),"30-08-2022") -> 30-08-2022 | J29: =IFERROR(__xludf.DUMMYFUNCTION("""COMPUTED_VALUE"""),"30/08/22") -> 30/08/22 | P29: =IFERROR(__xludf.DUMMYFUNCTION("""COMPUTED_VALUE"""),"52BSPA22139JTWWK") -> 52BSPA22139JTWWK | Q29: =IFERROR(__xludf.DUMMYFUNCTION("""COMPUTED_VALUE""")," Loket Ars cell") -> Loket Ars cell | R29: =IFERROR(__xludf.DUMMYFUNCTION("""COMPUTED_VALUE"""),"ARS CELL") -> ARS CELL | S29: =IFERROR(__xludf.DUMMYFUNCTION("""COMPUTED_VALUE"""),"Aris Handono") -> Aris Handono | T29: =IFERROR(__xludf.DUMMYFUNCTION("""COMPUTED_VALUE"""),"Jl. Sunan Ampel 7 Rt04 Rw01 Kel. Jurangombo Selatan, Kec. Magelang Selatan") -> Jl. Sunan Ampel 7 Rt04 Rw01 Kel. Jurangombo Selatan, Kec. Magelang Selatan | U29: =IFERROR(__xludf.DUMMYFUNCTION("""COMPUTED_VALUE"""),"Terminal Tidar Magelang Jl. Bypass Sukarno-Hatta Kios C8B") -> Terminal Tidar Magelang Jl. Bypass Sukarno-Hatta Kios C8B | V29: =IFERROR(__xludf.DUMMYFUNCTION("""COMPUTED_VALUE"""),"004/001") -> 004/001 | W29: =IFERROR(__xludf.DUMMYFUNCTION("""COMPUTED_VALUE"""),"KEL.JURANG GOMBO") -> KEL.JURANG GOMBO | X29: =IFERROR(__xludf.DUMMYFUNCTION("""COMPUTED_VALUE"""),"KEC.MAGELANG SELATAN") -> KEC.MAGELANG SELATAN | Y29: =IFERROR(__xludf.DUMMYFUNCTION("""COMPUTED_VALUE"""),"MAGELANG") -> MAGELANG | Z29: =IFERROR(__xludf.DUMMYFUNCTION("""COMPUTED_VALUE"""),"JAWA TENGAH") -> JAWA TENGAH | AA29: =IFERROR(__xludf.DUMMYFUNCTION("""COMPUTED_VALUE"""),"56125") -> 56125 | AB29: =IFERROR(__xludf.DUMMYFUNCTION("""COMPUTED_VALUE"""),"3371012301840000") -> 3371012301840000 | AC29: =IFERROR(__xludf.DUMMYFUNCTION("""COMPUTED_VALUE"""),"235398336406000") -> 235398336406000 | AD29: =IFERROR(__xludf.DUMMYFUNCTION("""COMPUTED_VALUE"""),"CUM - WWK") -> CUM - WWK | AE29: =IFERROR(__xludf.DUMMYFUNCTION("""COMPUTED_VALUE"""),"SUB WIWIK") -> SUB WIWIK | AF29: =IFERROR(__xludf.DUMMYFUNCTION("""COMPUTED_VALUE"""),"081578984456") -> 081578984456 | AG29: =IFERROR(__xludf.DUMMYFUNCTION("""COMPUTED_VALUE"""),"081578984456") -> 081578984456 | AH29: =IFERROR(__xludf.DUMMYFUNCTION("""COMPUTED_VALUE"""),"arishandono10@gmail.com") -> arishandono10@gmail.com | AI29: =IFERROR(__xludf.DUMMYFUNCTION("""COMPUTED_VALUE"""),"56123S1") -> 56123S1 | AJ29: =IFERROR(__xludf.DUMMYFUNCTION("""COMPUTED_VALUE"""),"6210e16522b1e94bb414ff7b") -> 6210e16522b1e94bb414ff7b | AK29: =IFERROR(__xludf.DUMMYFUNCTION("""COMPUTED_VALUE"""),"dm56123s1") -> dm56123s1 | AL29: =IFERROR(__xludf.DUMMYFUNCTION("""COMPUTED_VALUE"""),"password") -> password | AM29: =IFERROR(__xludf.DUMMYFUNCTION("""COMPUTED_VALUE"""),"KANTOR REGIONAL IV SEMARANG 50004") -> KANTOR REGIONAL IV SEMARANG 50004 | AN29: =IFERROR(__xludf.DUMMYFUNCTION("""COMPUTED_VALUE"""),"KPRK MAGELANG 56100") -> KPRK MAGELANG 56100 | AO29: =IFERROR(__xludf.DUMMYFUNCTION("""COMPUTED_VALUE"""),"0308220015049") -> 0308220015049 | AP29: =IFERROR(__xludf.DUMMYFUNCTION("""COMPUTED_VALUE"""),"03082200150490001") -> 03082200150490001 | AT29: =IFERROR(__xludf.DUMMYFUNCTION("""COMPUTED_VALUE"""),"-74,912,659") -> -74,912,659 | AU29: =IFERROR(__xludf.DUMMYFUNCTION("""COMPUTED_VALUE"""),"110,232,517") -> 110,232,517 | AV29: =IFERROR(__xludf.DUMMYFUNCTION("""COMPUTED_VALUE"""),"ADA") -> ADA | AW29: =IFERROR(__xludf.DUMMYFUNCTION("""COMPUTED_VALUE"""),"ADA") -> ADA | BA29: =IFERROR(__xludf.DUMMYFUNCTION("""COMPUTED_VALUE"""),"ADA") -> ADA | BB29: =IFERROR(__xludf.DUMMYFUNCTION("""COMPUTED_VALUE"""),"ADA") -> ADA | BC29: =IFERROR(__xludf.DUMMYFUNCTION("""COMPUTED_VALUE"""),"ADA") -> ADA | BD29: =IFERROR(__xludf.DUMMYFUNCTION("""COMPUTED_VALUE"""),"ADA") -> ADA | BE29: =IFERROR(__xludf.DUMMYFUNCTION("""COMPUTED_VALUE"""),"ADA") -> ADA | BF29: =IFERROR(__xludf.DUMMYFUNCTION("""COMPUTED_VALUE"""),"ADA") -> ADA | BG29: =IFERROR(__xludf.DUMMYFUNCTION("""COMPUTED_VALUE"""),"ADA") -> ADA | BH29: =IFERROR(__xludf.DUMMYFUNCTION("""COMPUTED_VALUE"""),"CANON MP287") -> CANON MP287 | BI29: =IFERROR(__xludf.DUMMYFUNCTION("""COMPUTED_VALUE"""),"ADA") -> ADA | BJ29: =IFERROR(__xludf.DUMMYFUNCTION("""COMPUTED_VALUE"""),"KERTAS HVS") -> KERTAS HVS | BK29: =IFERROR(__xludf.DUMMYFUNCTION("""COMPUTED_VALUE"""),"ADA") -> ADA | BL29: =IFERROR(__xludf.DUMMYFUNCTION("""COMPUTED_VALUE"""),"PLAFON") -> PLAFON | BV29: =IFERROR(__xludf.DUMMYFUNCTION("""COMPUTED_VALUE"""),"Jl. Sunan Ampel 7 Rt04 Rw01 Kel. Jurangombo Selatan, Kec. Magelang Selatan") -> Jl. Sunan Ampel 7 Rt04 Rw01 Kel. Jurangombo Selatan, Kec. Magelang Selatan
A30: =IFERROR(__xludf.DUMMYFUNCTION("""COMPUTED_VALUE"""),27.0) -> 27 | B30: =IFERROR(__xludf.DUMMYFUNCTION("""COMPUTED_VALUE"""),"04 FEBRUARI 2022") -> 04 FEBRUARI 2022 | C30: =IFERROR(__xludf.DUMMYFUNCTION("""COMPUTED_VALUE"""),"04 FEBRUARI 2022") -> 04 FEBRUARI 2022 | K30: =IFERROR(__xludf.DUMMYFUNCTION("""COMPUTED_VALUE"""),"PERANGKAT BELUM LENGKAP") -> PERANGKAT BELUM LENGKAP | P30: =IFERROR(__xludf.DUMMYFUNCTION("""COMPUTED_VALUE"""),"52BSPA12183JTGWK") -> 52BSPA12183JTGWK | Q30: =IFERROR(__xludf.DUMMYFUNCTION("""COMPUTED_VALUE"""),"Loket BAGAS") -> Loket BAGAS | R30: =IFERROR(__xludf.DUMMYFUNCTION("""COMPUTED_VALUE"""),"BAGAS") -> BAGAS | S30: =IFERROR(__xludf.DUMMYFUNCTION("""COMPUTED_VALUE"""),"Musrifah") -> Musrifah | T30: =IFERROR(__xludf.DUMMYFUNCTION("""COMPUTED_VALUE"""),"Dusun Krajan, Rt01 Rw01") -> Dusun Krajan, Rt01 Rw01 | U30: =IFERROR(__xludf.DUMMYFUNCTION("""COMPUTED_VALUE"""),"DUSUN KRAJAN, RT01 RW01") -> DUSUN KRAJAN, RT01 RW01 | V30: =IFERROR(__xludf.DUMMYFUNCTION("""COMPUTED_VALUE"""),"001/001") -> 001/001 | W30: =IFERROR(__xludf.DUMMYFUNCTION("""COMPUTED_VALUE"""),"PAGERGUNUNG") -> PAGERGUNUNG | X30: =IFERROR(__xludf.DUMMYFUNCTION("""COMPUTED_VALUE"""),"NGABLAK") -> NGABLAK | Y30: =IFERROR(__xludf.DUMMYFUNCTION("""COMPUTED_VALUE"""),"MAGELANG") -> MAGELANG | Z30: =IFERROR(__xludf.DUMMYFUNCTION("""COMPUTED_VALUE"""),"JAWA TENGAH") -> JAWA TENGAH | AA30: =IFERROR(__xludf.DUMMYFUNCTION("""COMPUTED_VALUE"""),"56194") -> 56194 | AB30: =IFERROR(__xludf.DUMMYFUNCTION("""COMPUTED_VALUE"""),"3308175805720000") -> 3308175805720000 | AD30: =IFERROR(__xludf.DUMMYFUNCTION("""COMPUTED_VALUE"""),"CUM - WWK") -> CUM - WWK | AE30: =IFERROR(__xludf.DUMMYFUNCTION("""COMPUTED_VALUE"""),"SUB WIWIK") -> SUB WIWIK | AF30: =IFERROR(__xludf.DUMMYFUNCTION("""COMPUTED_VALUE"""),"08974296593") -> 08974296593 | AG30: =IFERROR(__xludf.DUMMYFUNCTION("""COMPUTED_VALUE"""),"08974296593") -> 08974296593 | AH30: =IFERROR(__xludf.DUMMYFUNCTION("""COMPUTED_VALUE"""),"musrifahpurnomo@gmail.com") -> musrifahpurnomo@gmail.com | AI30: =IFERROR(__xludf.DUMMYFUNCTION("""COMPUTED_VALUE"""),"56594S2") -> 56594S2 | AJ30: =IFERROR(__xludf.DUMMYFUNCTION("""COMPUTED_VALUE"""),"6210e09a260ff128f539f214") -> 6210e09a260ff128f539f214 | AK30: =IFERROR(__xludf.DUMMYFUNCTION("""COMPUTED_VALUE"""),"dm56594s2") -> dm56594s2 | AL30: =IFERROR(__xludf.DUMMYFUNCTION("""COMPUTED_VALUE"""),"password") -> password | AM30: =IFERROR(__xludf.DUMMYFUNCTION("""COMPUTED_VALUE"""),"KANTOR REGIONAL IV SEMARANG 50004") -> KANTOR REGIONAL IV SEMARANG 50004 | AN30: =IFERROR(__xludf.DUMMYFUNCTION("""COMPUTED_VALUE"""),"KPRK MAGELANG 56100") -> KPRK MAGELANG 56100 | AO30: =IFERROR(__xludf.DUMMYFUNCTION("""COMPUTED_VALUE"""),"0408220017809") -> 0408220017809 | AP30: =IFERROR(__xludf.DUMMYFUNCTION("""COMPUTED_VALUE"""),"04082200178090001") -> 04082200178090001 | AT30: =IFERROR(__xludf.DUMMYFUNCTION("""COMPUTED_VALUE"""),"-73,666,794") -> -73,666,794 | AU30: =IFERROR(__xludf.DUMMYFUNCTION("""COMPUTED_VALUE"""),"1,103,706,733") -> 1,103,706,733 | AV30: =IFERROR(__xludf.DUMMYFUNCTION("""COMPUTED_VALUE"""),"ADA") -> ADA | AW30: =IFERROR(__xludf.DUMMYFUNCTION("""COMPUTED_VALUE"""),"ADA") -> ADA | BA30: =IFERROR(__xludf.DUMMYFUNCTION("""COMPUTED_VALUE"""),"ADA") -> ADA | BB30: =IFERROR(__xludf.DUMMYFUNCTION("""COMPUTED_VALUE"""),"ADA") -> ADA | BC30: =IFERROR(__xludf.DUMMYFUNCTION("""COMPUTED_VALUE"""),"ADA") -> ADA | BD30: =IFERROR(__xludf.DUMMYFUNCTION("""COMPUTED_VALUE"""),"ADA") -> ADA | BE30: =IFERROR(__xludf.DUMMYFUNCTION("""COMPUTED_VALUE"""),"ADA") -> ADA | BL30: =IFERROR(__xludf.DUMMYFUNCTION("""COMPUTED_VALUE"""),"PLAFON") -> PLAFON | BN30: =IFERROR(__xludf.DUMMYFUNCTION("""COMPUTED_VALUE"""),"dsn.krajan,kel.pagergunung kec.ngablak kab.magelang") -> dsn.krajan,kel.pagergunung kec.ngablak kab.magelang | BO30: =IFERROR(__xludf.DUMMYFUNCTION("""COMPUTED_VALUE"""),"3308172104700002") -> 3308172104700002 | BP30: =IFERROR(__xludf.DUMMYFUNCTION("""COMPUTED_VALUE"""),"21-04-1970") -> 21-04-1970 | BQ30: =IFERROR(__xludf.DUMMYFUNCTION("""COMPUTED_VALUE"""),"44.987.633.3-524000") -> 44.987.633.3-524000 | BR30: =IFERROR(__xludf.DUMMYFUNCTION("""COMPUTED_VALUE"""),"081391019605") -> 081391019605 | BS30: =IFERROR(__xludf.DUMMYFUNCTION("""COMPUTED_VALUE"""),"musrifahpurnomo@gmail.com") -> musrifahpurnomo@gmail.com | BT30: =IFERROR(__xludf.DUMMYFUNCTION("""COMPUTED_VALUE"""),"SUAMI PEMILIK SEBELUMNYA") -> SUAMI PEMILIK SEBELUMNYA | BV30: =IFERROR(__xludf.DUMMYFUNCTION("""COMPUTED_VALUE"""),"Dusun Krajan, Rt01 Rw01") -> Dusun Krajan, Rt01 Rw01
A31: =IFERROR(__xludf.DUMMYFUNCTION("""COMPUTED_VALUE"""),28.0) -> 28 | B31: =IFERROR(__xludf.DUMMYFUNCTION("""COMPUTED_VALUE"""),"15 MARET 2022") -> 15 MARET 2022 | C31: =IFERROR(__xludf.DUMMYFUNCTION("""COMPUTED_VALUE"""),"15 MARET 2022") -> 15 MARET 2022 | P31: =IFERROR(__xludf.DUMMYFUNCTION("""COMPUTED_VALUE"""),"53BSPA28388JBCUM") -> 53BSPA28388JBCUM | Q31: =IFERROR(__xludf.DUMMYFUNCTION("""COMPUTED_VALUE"""),"ARTHA JATI") -> ARTHA JATI | R31: =IFERROR(__xludf.DUMMYFUNCTION("""COMPUTED_VALUE"""),"ARTHAJATI") -> ARTHAJATI | S31: =IFERROR(__xludf.DUMMYFUNCTION("""COMPUTED_VALUE"""),"Wirastomo Purbojati") -> Wirastomo Purbojati | T31: =IFERROR(__xludf.DUMMYFUNCTION("""COMPUTED_VALUE"""),"Jl. Arcamanik No. 38B") -> Jl. Arcamanik No. 38B | U31: =IFERROR(__xludf.DUMMYFUNCTION("""COMPUTED_VALUE"""),"JL.ARCAMANIK NO.38 B") -> JL.ARCAMANIK NO.38 B | W31: =IFERROR(__xludf.DUMMYFUNCTION("""COMPUTED_VALUE"""),"KEL.SINDANG JAYA") -> KEL.SINDANG JAYA | X31: =IFERROR(__xludf.DUMMYFUNCTION("""COMPUTED_VALUE"""),"KEC.MANDALAJATI") -> KEC.MANDALAJATI | Y31: =IFERROR(__xludf.DUMMYFUNCTION("""COMPUTED_VALUE"""),"KOTA BANDUNG") -> KOTA BANDUNG | Z31: =IFERROR(__xludf.DUMMYFUNCTION("""COMPUTED_VALUE"""),"JAWA BARAT") -> JAWA BARAT | AA31: =IFERROR(__xludf.DUMMYFUNCTION("""COMPUTED_VALUE"""),"40193") -> 40193 | AC31: =IFERROR(__xludf.DUMMYFUNCTION("""COMPUTED_VALUE"""),"21.126.047.6-429.000") -> 21.126.047.6-429.000 | AD31: =IFERROR(__xludf.DUMMYFUNCTION("""COMPUTED_VALUE"""),"CUM - BSB - JABAR") -> CUM - BSB - JABAR | AE31: =IFERROR(__xludf.DUMMYFUNCTION("""COMPUTED_VALUE"""),"SUB CUM") -> SUB CUM | AF31: =IFERROR(__xludf.DUMMYFUNCTION("""COMPUTED_VALUE"""),"022 87823955") -> 022 87823955 | AG31: =IFERROR(__xludf.DUMMYFUNCTION("""COMPUTED_VALUE"""),"022 87823955") -> 022 87823955 | AI31: =IFERROR(__xludf.DUMMYFUNCTION("""COMPUTED_VALUE"""),"40193S1") -> 40193S1 | AJ31: =IFERROR(__xludf.DUMMYFUNCTION("""COMPUTED_VALUE"""),"6231b3e672780b5563153f76") -> 6231b3e672780b5563153f76 | AK31: =IFERROR(__xludf.DUMMYFUNCTION("""COMPUTED_VALUE"""),"dm40193s1") -> dm40193s1 | AL31: =IFERROR(__xludf.DUMMYFUNCTION("""COMPUTED_VALUE"""),"password") -> password | AM31: =IFERROR(__xludf.DUMMYFUNCTION("""COMPUTED_VALUE"""),"KANTOR REGIONAL III BANDUNG 40004") -> KANTOR REGIONAL III BANDUNG 40004 | AN31: =IFERROR(__xludf.DUMMYFUNCTION("""COMPUTED_VALUE"""),"SPP BANDUNG 40400") -> SPP BANDUNG 40400 | AO31: =IFERROR(__xludf.DUMMYFUNCTION("""COMPUTED_VALUE"""),"2607220054308") -> 2607220054308 | AP31: =IFERROR(__xludf.DUMMYFUNCTION("""COMPUTED_VALUE"""),"53202 ( AKTIFITAS AGEN KURIR )") -> 53202 ( AKTIFITAS AGEN KURIR ) | AT31: =IFERROR(__xludf.DUMMYFUNCTION("""COMPUTED_VALUE"""),"-69,025,424") -> -69,025,424 | AU31: =IFERROR(__xludf.DUMMYFUNCTION("""COMPUTED_VALUE"""),"1,076,804,359") -> 1,076,804,359 | AV31: =IFERROR(__xludf.DUMMYFUNCTION("""COMPUTED_VALUE"""),"BELUM ADA") -> BELUM ADA | AW31: =IFERROR(__xludf.DUMMYFUNCTION("""COMPUTED_VALUE"""),"ADA") -> ADA | BA31: =IFERROR(__xludf.DUMMYFUNCTION("""COMPUTED_VALUE"""),"ADA") -> ADA | BB31: =IFERROR(__xludf.DUMMYFUNCTION("""COMPUTED_VALUE"""),"ADA") -> ADA | BC31: =IFERROR(__xludf.DUMMYFUNCTION("""COMPUTED_VALUE"""),"ADA") -> ADA | BD31: =IFERROR(__xludf.DUMMYFUNCTION("""COMPUTED_VALUE"""),"ADA") -> ADA | BE31: =IFERROR(__xludf.DUMMYFUNCTION("""COMPUTED_VALUE"""),"ADA") -> ADA | BF31: =IFERROR(__xludf.DUMMYFUNCTION("""COMPUTED_VALUE"""),"ADA") -> ADA | BG31: =IFERROR(__xludf.DUMMYFUNCTION("""COMPUTED_VALUE"""),"ADA") -> ADA | BH31: =IFERROR(__xludf.DUMMYFUNCTION("""COMPUTED_VALUE"""),"LP-9200B") -> LP-9200B | BI31: =IFERROR(__xludf.DUMMYFUNCTION("""COMPUTED_VALUE"""),"ADA") -> ADA | BJ31: =IFERROR(__xludf.DUMMYFUNCTION("""COMPUTED_VALUE"""),"ADA") -> ADA | BK31: =IFERROR(__xludf.DUMMYFUNCTION("""COMPUTED_VALUE"""),"ADA") -> ADA | BL31: =IFERROR(__xludf.DUMMYFUNCTION("""COMPUTED_VALUE"""),"PLAFON") -> PLAFON | BV31: =IFERROR(__xludf.DUMMYFUNCTION("""COMPUTED_VALUE"""),"Jl. Arcamanik No. 38B") -> Jl. Arcamanik No. 38B
A32: =IFERROR(__xludf.DUMMYFUNCTION("""COMPUTED_VALUE"""),29.0) -> 29 | B32: =IFERROR(__xludf.DUMMYFUNCTION("""COMPUTED_VALUE"""),"03 Agustus 2022") -> 03 Agustus 2022 | C32: =IFERROR(__xludf.DUMMYFUNCTION("""COMPUTED_VALUE"""),"03 Agustus 2022") -> 03 Agustus 2022 | F32: =IFERROR(__xludf.DUMMYFUNCTION("""COMPUTED_VALUE"""),"10 AGUSTUS 2022") -> 10 AGUSTUS 2022 | G32: =IFERROR(__xludf.DUMMYFUNCTION("""COMPUTED_VALUE"""),44783.0) -> 44783 | P32: =IFERROR(__xludf.DUMMYFUNCTION("""COMPUTED_VALUE"""),"53BSPA28155JBCUM") -> 53BSPA28155JBCUM | Q32: =IFERROR(__xludf.DUMMYFUNCTION("""COMPUTED_VALUE"""),"Loket Anyer") -> Loket Anyer | R32: =IFERROR(__xludf.DUMMYFUNCTION("""COMPUTED_VALUE"""),"LOKET ANYER") -> LOKET ANYER | S32: =IFERROR(__xludf.DUMMYFUNCTION("""COMPUTED_VALUE"""),"Baidillah Ma'Mun.St") -> Baidillah Ma'Mun.St | T32: =IFERROR(__xludf.DUMMYFUNCTION("""COMPUTED_VALUE"""),"Kp Kamurang Masjid Rt 03 Rw 05 Desa Grogol Kec Anyer Kab Serang Banten") -> Kp Kamurang Masjid Rt 03 Rw 05 Desa Grogol Kec Anyer Kab Serang Banten | U32: =IFERROR(__xludf.DUMMYFUNCTION("""COMPUTED_VALUE"""),"Jalan Raya Pasar Baru Anyer Kp Brahayu Kec Anyer Kab Serang Banten") -> Jalan Raya Pasar Baru Anyer Kp Brahayu Kec Anyer Kab Serang Banten | V32: =IFERROR(__xludf.DUMMYFUNCTION("""COMPUTED_VALUE"""),"003/005") -> 003/005 | W32: =IFERROR(__xludf.DUMMYFUNCTION("""COMPUTED_VALUE"""),"Anyer") -> Anyer | X32: =IFERROR(__xludf.DUMMYFUNCTION("""COMPUTED_VALUE"""),"Anyer") -> Anyer | Y32: =IFERROR(__xludf.DUMMYFUNCTION("""COMPUTED_VALUE"""),"Kab Serang") -> Kab Serang | Z32: =IFERROR(__xludf.DUMMYFUNCTION("""COMPUTED_VALUE"""),"Banten") -> Banten | AA32: =IFERROR(__xludf.DUMMYFUNCTION("""COMPUTED_VALUE"""),"42166") -> 42166 | AB32: =IFERROR(__xludf.DUMMYFUNCTION("""COMPUTED_VALUE"""),"'3604302210780001") -> '3604302210780001 | AC32: =IFERROR(__xludf.DUMMYFUNCTION("""COMPUTED_VALUE"""),"46.242.667.7-401.000") -> 46.242.667.7-401.000 | AD32: =IFERROR(__xludf.DUMMYFUNCTION("""COMPUTED_VALUE"""),"CUM - BAM") -> CUM - BAM | AE32: =IFERROR(__xludf.DUMMYFUNCTION("""COMPUTED_VALUE"""),"SUB BAIDILAH") -> SUB BAIDILAH | AF32: =IFERROR(__xludf.DUMMYFUNCTION("""COMPUTED_VALUE"""),"081287654113") -> 081287654113 | AG32: =IFERROR(__xludf.DUMMYFUNCTION("""COMPUTED_VALUE"""),"081287654113") -> 081287654113 | AH32: =IFERROR(__xludf.DUMMYFUNCTION("""COMPUTED_VALUE"""),"ppobonlinesyariah@gmail.com") -> ppobonlinesyariah@gmail.com | AI32: =IFERROR(__xludf.DUMMYFUNCTION("""COMPUTED_VALUE"""),"42166S4") -> 42166S4 | AJ32: =IFERROR(__xludf.DUMMYFUNCTION("""COMPUTED_VALUE"""),"62f38c4c0b3faa032166caa8") -> 62f38c4c0b3faa032166caa8 | AK32: =IFERROR(__xludf.DUMMYFUNCTION("""COMPUTED_VALUE"""),"dm42166s4") -> dm42166s4 | AL32: =IFERROR(__xludf.DUMMYFUNCTION("""COMPUTED_VALUE"""),"password") -> password | AM32: =IFERROR(__xludf.DUMMYFUNCTION("""COMPUTED_VALUE"""),"KANTOR REGIONAL II JAKARTA 10004") -> KANTOR REGIONAL II JAKARTA 10004 | AN32: =IFERROR(__xludf.DUMMYFUNCTION("""COMPUTED_VALUE"""),"KC CILEGON 42400") -> KC CILEGON 42400 | AO32: =IFERROR(__xludf.DUMMYFUNCTION("""COMPUTED_VALUE"""),"0308220027866") -> 0308220027866 | AP32: =IFERROR(__xludf.DUMMYFUNCTION("""COMPUTED_VALUE"""),"53202 ( AKTIFITAS AGEN KURIR )") -> 53202 ( AKTIFITAS AGEN KURIR ) | AT32: =IFERROR(__xludf.DUMMYFUNCTION("""COMPUTED_VALUE"""),"-6.0536318") -> -6.0536318 | AU32: =IFERROR(__xludf.DUMMYFUNCTION("""COMPUTED_VALUE"""),"105.9243615") -> 105.9243615 | AV32: =IFERROR(__xludf.DUMMYFUNCTION("""COMPUTED_VALUE"""),"ADA") -> ADA | AW32: =IFERROR(__xludf.DUMMYFUNCTION("""COMPUTED_VALUE"""),"ADA") -> ADA | BA32: =IFERROR(__xludf.DUMMYFUNCTION("""COMPUTED_VALUE"""),"ADA") -> ADA | BB32: =IFERROR(__xludf.DUMMYFUNCTION("""COMPUTED_VALUE"""),"ADA") -> ADA | BC32: =IFERROR(__xludf.DUMMYFUNCTION("""COMPUTED_VALUE"""),"ADA") -> ADA | BD32: =IFERROR(__xludf.DUMMYFUNCTION("""COMPUTED_VALUE"""),"ADA") -> ADA | BE32: =IFERROR(__xludf.DUMMYFUNCTION("""COMPUTED_VALUE"""),"ADA") -> ADA | BF32: =IFERROR(__xludf.DUMMYFUNCTION("""COMPUTED_VALUE"""),"ADA") -> ADA | BG32: =IFERROR(__xludf.DUMMYFUNCTION("""COMPUTED_VALUE"""),"ADA") -> ADA | BL32: =IFERROR(__xludf.DUMMYFUNCTION("""COMPUTED_VALUE"""),"PLAFON") -> PLAFON | BV32: =IFERROR(__xludf.DUMMYFUNCTION("""COMPUTED_VALUE"""),"Kp Kamurang Masjid Rt 03 Rw 05 Desa Grogol Kec Anyer Kab Serang Banten") -> Kp Kamurang Masjid Rt 03 Rw 05 Desa Grogol Kec Anyer Kab Serang Banten
A33: =IFERROR(__xludf.DUMMYFUNCTION("""COMPUTED_VALUE"""),30.0) -> 30 | B33: =IFERROR(__xludf.DUMMYFUNCTION("""COMPUTED_VALUE"""),"15 Agustus 2022") -> 15 Agustus 2022 | C33: =IFERROR(__xludf.DUMMYFUNCTION("""COMPUTED_VALUE"""),"15 Agustus 2022") -> 15 Agustus 2022 | F33: =IFERROR(__xludf.DUMMYFUNCTION("""COMPUTED_VALUE"""),"25 OKTOBER 2022") -> 25 OKTOBER 2022 | G33: =IFERROR(__xludf.DUMMYFUNCTION("""COMPUTED_VALUE"""),44859.0) -> 44859 | I33: =IFERROR(__xludf.DUMMYFUNCTION("""COMPUTED_VALUE"""),"26 OKTOBER 2022") -> 26 OKTOBER 2022 | P33: =IFERROR(__xludf.DUMMYFUNCTION("""COMPUTED_VALUE"""),"53BSPA27017JBRHD") -> 53BSPA27017JBRHD | Q33: =IFERROR(__xludf.DUMMYFUNCTION("""COMPUTED_VALUE"""),"LOKET SADA EKA") -> LOKET SADA EKA | R33: =IFERROR(__xludf.DUMMYFUNCTION("""COMPUTED_VALUE"""),"LOKET SADA EKA") -> LOKET SADA EKA | S33: =IFERROR(__xludf.DUMMYFUNCTION("""COMPUTED_VALUE"""),"Diana Candra Tunggal.Se") -> Diana Candra Tunggal.Se | T33: =IFERROR(__xludf.DUMMYFUNCTION("""COMPUTED_VALUE"""),"Kp.Cisangkuy Rt.07 Rw.11 Kel.Sukamanah Kec.Pangalengan Kab Bandung") -> Kp.Cisangkuy Rt.07 Rw.11 Kel.Sukamanah Kec.Pangalengan Kab Bandung | U33: =IFERROR(__xludf.DUMMYFUNCTION("""COMPUTED_VALUE"""),"KP.CISANGKUY RT.07 RW.11 KEL.SUKAMANAH KEC.PANGALENGAN KAB BANDUNG") -> KP.CISANGKUY RT.07 RW.11 KEL.SUKAMANAH KEC.PANGALENGAN KAB BANDUNG | V33: =IFERROR(__xludf.DUMMYFUNCTION("""COMPUTED_VALUE"""),"007/11") -> 007/11 | W33: =IFERROR(__xludf.DUMMYFUNCTION("""COMPUTED_VALUE"""),"SUKAMANAH") -> SUKAMANAH | X33: =IFERROR(__xludf.DUMMYFUNCTION("""COMPUTED_VALUE"""),"PANGALENGAN") -> PANGALENGAN | Y33: =IFERROR(__xludf.DUMMYFUNCTION("""COMPUTED_VALUE"""),"KAB.BANDUNG") -> KAB.BANDUNG | Z33: =IFERROR(__xludf.DUMMYFUNCTION("""COMPUTED_VALUE"""),"JAWA BARAT") -> JAWA BARAT | AA33: =IFERROR(__xludf.DUMMYFUNCTION("""COMPUTED_VALUE"""),"40378") -> 40378 | AB33: =IFERROR(__xludf.DUMMYFUNCTION("""COMPUTED_VALUE"""),"3204151802760009") -> 3204151802760009 | AC33: =IFERROR(__xludf.DUMMYFUNCTION("""COMPUTED_VALUE"""),"41.845.085.4-445.000") -> 41.845.085.4-445.000 | AD33: =IFERROR(__xludf.DUMMYFUNCTION("""COMPUTED_VALUE"""),"CUM - HDT") -> CUM - HDT | AE33: =IFERROR(__xludf.DUMMYFUNCTION("""COMPUTED_VALUE"""),"Sub Hidayat") -> Sub Hidayat | AF33: =IFERROR(__xludf.DUMMYFUNCTION("""COMPUTED_VALUE"""),"08122339915") -> 08122339915 | AG33: =IFERROR(__xludf.DUMMYFUNCTION("""COMPUTED_VALUE"""),"08122339915") -> 08122339915 | AH33: =IFERROR(__xludf.DUMMYFUNCTION("""COMPUTED_VALUE"""),"zafirahzeba10@gmail.com") -> zafirahzeba10@gmail.com | AI33: =IFERROR(__xludf.DUMMYFUNCTION("""COMPUTED_VALUE"""),"40378S1") -> 40378S1 | AJ33: =IFERROR(__xludf.DUMMYFUNCTION("""COMPUTED_VALUE"""),"630c5b7d86f7f40768457142") -> 630c5b7d86f7f40768457142 | AK33: =IFERROR(__xludf.DUMMYFUNCTION("""COMPUTED_VALUE"""),"dm40378s1") -> dm40378s1 | AL33: =IFERROR(__xludf.DUMMYFUNCTION("""COMPUTED_VALUE"""),"password") -> password | AM33: =IFERROR(__xludf.DUMMYFUNCTION("""COMPUTED_VALUE"""),"KANTOR REGIONAL III BANDUNG 40004") -> KANTOR REGIONAL III BANDUNG 40004 | AN33: =IFERROR(__xludf.DUMMYFUNCTION("""COMPUTED_VALUE"""),"KC PANGALENGAN") -> KC PANGALENGAN | AO33: =IFERROR(__xludf.DUMMYFUNCTION("""COMPUTED_VALUE"""),"1508220031627") -> 1508220031627 | AP33: =IFERROR(__xludf.DUMMYFUNCTION("""COMPUTED_VALUE"""),"15082200316270001") -> 15082200316270001 | AT33: =IFERROR(__xludf.DUMMYFUNCTION("""COMPUTED_VALUE"""),"-7.1896604") -> -7.1896604 | AU33: =IFERROR(__xludf.DUMMYFUNCTION("""COMPUTED_VALUE"""),"107.5809067") -> 107.5809067 | AV33: =IFERROR(__xludf.DUMMYFUNCTION("""COMPUTED_VALUE"""),"ADA") -> ADA | AW33: =IFERROR(__xludf.DUMMYFUNCTION("""COMPUTED_VALUE"""),"ADA") -> ADA | BA33: =IFERROR(__xludf.DUMMYFUNCTION("""COMPUTED_VALUE"""),"ADA") -> ADA | BB33: =IFERROR(__xludf.DUMMYFUNCTION("""COMPUTED_VALUE"""),"ADA") -> ADA | BC33: =IFERROR(__xludf.DUMMYFUNCTION("""COMPUTED_VALUE"""),"ADA") -> ADA | BD33: =IFERROR(__xludf.DUMMYFUNCTION("""COMPUTED_VALUE"""),"ADA") -> ADA | BE33: =IFERROR(__xludf.DUMMYFUNCTION("""COMPUTED_VALUE"""),"ADA") -> ADA | BF33: =IFERROR(__xludf.DUMMYFUNCTION("""COMPUTED_VALUE"""),"ADA") -> ADA | BG33: =IFERROR(__xludf.DUMMYFUNCTION("""COMPUTED_VALUE"""),"ADA") -> ADA | BH33: =IFERROR(__xludf.DUMMYFUNCTION("""COMPUTED_VALUE"""),"EPSON") -> EPSON | BI33: =IFERROR(__xludf.DUMMYFUNCTION("""COMPUTED_VALUE"""),"ADA") -> ADA | BJ33: =IFERROR(__xludf.DUMMYFUNCTION("""COMPUTED_VALUE"""),"KERTAS HVS") -> KERTAS HVS | BK33: =IFERROR(__xludf.DUMMYFUNCTION("""COMPUTED_VALUE"""),"ADA") -> ADA | BV33: =IFERROR(__xludf.DUMMYFUNCTION("""COMPUTED_VALUE"""),"Kp.Cisangkuy Rt.07 Rw.11 Kel.Sukamanah Kec.Pangalengan Kab Bandung") -> Kp.Cisangkuy Rt.07 Rw.11 Kel.Sukamanah Kec.Pangalengan Kab Bandung
A34: =IFERROR(__xludf.DUMMYFUNCTION("""COMPUTED_VALUE"""),31.0) -> 31 | B34: =IFERROR(__xludf.DUMMYFUNCTION("""COMPUTED_VALUE"""),"29 Agustus 2022") -> 29 Agustus 2022 | C34: =IFERROR(__xludf.DUMMYFUNCTION("""COMPUTED_VALUE"""),"29 Agustus 2022") -> 29 Agustus 2022 | F34: =IFERROR(__xludf.DUMMYFUNCTION("""COMPUTED_VALUE"""),"3 OKTOBER 2022") -> 3 OKTOBER 2022 | G34: =IFERROR(__xludf.DUMMYFUNCTION("""COMPUTED_VALUE"""),44837.0) -> 44837 | I34: =IFERROR(__xludf.DUMMYFUNCTION("""COMPUTED_VALUE"""),"12/10/2022") -> 12/10/2022 | J34: =IFERROR(__xludf.DUMMYFUNCTION("""COMPUTED_VALUE"""),"12/10/2022") -> 12/10/2022 | P34: =IFERROR(__xludf.DUMMYFUNCTION("""COMPUTED_VALUE"""),"KH2SPA12891JTAMD") -> KH2SPA12891JTAMD | Q34: =IFERROR(__xludf.DUMMYFUNCTION("""COMPUTED_VALUE"""),"LOKET MBA TINI ") -> LOKET MBA TINI | R34: =IFERROR(__xludf.DUMMYFUNCTION("""COMPUTED_VALUE"""),"LOKET RIYADI") -> LOKET RIYADI | S34: =IFERROR(__xludf.DUMMYFUNCTION("""COMPUTED_VALUE"""),"Wandono Riyadi") -> Wandono Riyadi | T34: =IFERROR(__xludf.DUMMYFUNCTION("""COMPUTED_VALUE"""),"Dk Randulangan Rt 015 Rw 007, Ds. Randulanang, Kec. Jatinom, Kab. Klaten, Prop. Jawa Tengah") -> Dk Randulangan Rt 015 Rw 007, Ds. Randulanang, Kec. Jatinom, Kab. Klaten, Prop. Jawa Tengah | U34: =IFERROR(__xludf.DUMMYFUNCTION("""COMPUTED_VALUE"""),"Dk Randulangan RT 015 RW 007, Ds. Randulanang, Kec. Jatinom, Kab. Klaten, Prop. Jawa Tengah") -> Dk Randulangan RT 015 RW 007, Ds. Randulanang, Kec. Jatinom, Kab. Klaten, Prop. Jawa Tengah | V34: =IFERROR(__xludf.DUMMYFUNCTION("""COMPUTED_VALUE"""),"015/007") -> 015/007 | W34: =IFERROR(__xludf.DUMMYFUNCTION("""COMPUTED_VALUE"""),"DS.RANDULANANG") -> DS.RANDULANANG | X34: =IFERROR(__xludf.DUMMYFUNCTION("""COMPUTED_VALUE"""),"KEC.JATINOM") -> KEC.JATINOM | Y34: =IFERROR(__xludf.DUMMYFUNCTION("""COMPUTED_VALUE"""),"KAB.KLATEN") -> KAB.KLATEN | Z34: =IFERROR(__xludf.DUMMYFUNCTION("""COMPUTED_VALUE"""),"JAWA TENGAH") -> JAWA TENGAH | AA34: =IFERROR(__xludf.DUMMYFUNCTION("""COMPUTED_VALUE"""),"57481") -> 57481 | AB34: =IFERROR(__xludf.DUMMYFUNCTION("""COMPUTED_VALUE"""),"3310201210730001") -> 3310201210730001 | AC34: =IFERROR(__xludf.DUMMYFUNCTION("""COMPUTED_VALUE"""),"59.738.475.9-525.000") -> 59.738.475.9-525.000 | AD34: =IFERROR(__xludf.DUMMYFUNCTION("""COMPUTED_VALUE"""),"CUM - AMI") -> CUM - AMI | AE34: =IFERROR(__xludf.DUMMYFUNCTION("""COMPUTED_VALUE"""),"SUB AMINUDDIN") -> SUB AMINUDDIN | AF34: =IFERROR(__xludf.DUMMYFUNCTION("""COMPUTED_VALUE"""),"081327393677") -> 081327393677 | AG34: =IFERROR(__xludf.DUMMYFUNCTION("""COMPUTED_VALUE"""),"081327393677") -> 081327393677 | AH34: =IFERROR(__xludf.DUMMYFUNCTION("""COMPUTED_VALUE"""),"wartinirandu7@gmail.com") -> wartinirandu7@gmail.com | AI34: =IFERROR(__xludf.DUMMYFUNCTION("""COMPUTED_VALUE"""),"57481S5") -> 57481S5 | AJ34: =IFERROR(__xludf.DUMMYFUNCTION("""COMPUTED_VALUE"""),"633117234bc97d623976ba61") -> 633117234bc97d623976ba61 | AK34: =IFERROR(__xludf.DUMMYFUNCTION("""COMPUTED_VALUE"""),"dm57481s5") -> dm57481s5 | AL34: =IFERROR(__xludf.DUMMYFUNCTION("""COMPUTED_VALUE"""),"password") -> password | AM34: =IFERROR(__xludf.DUMMYFUNCTION("""COMPUTED_VALUE"""),"KANTOR REGIONAL IV SEMARANG 50004") -> KANTOR REGIONAL IV SEMARANG 50004 | AN34: =IFERROR(__xludf.DUMMYFUNCTION("""COMPUTED_VALUE"""),"KANTOR POS NGAWEN") -> KANTOR POS NGAWEN | AO34: =IFERROR(__xludf.DUMMYFUNCTION("""COMPUTED_VALUE"""),"2708220019743") -> 2708220019743 | AP34: =IFERROR(__xludf.DUMMYFUNCTION("""COMPUTED_VALUE"""),"53202 ( AKTIFITAS AGEN KURIR )") -> 53202 ( AKTIFITAS AGEN KURIR ) | AT34: =IFERROR(__xludf.DUMMYFUNCTION("""COMPUTED_VALUE"""),"-7,65617") -> -7,65617 | AU34: =IFERROR(__xludf.DUMMYFUNCTION("""COMPUTED_VALUE"""),"110,56299") -> 110,56299 | AV34: =IFERROR(__xludf.DUMMYFUNCTION("""COMPUTED_VALUE"""),"ADA") -> ADA | AW34: =IFERROR(__xludf.DUMMYFUNCTION("""COMPUTED_VALUE"""),"ADA") -> ADA | BA34: =IFERROR(__xludf.DUMMYFUNCTION("""COMPUTED_VALUE"""),"ADA") -> ADA | BB34: =IFERROR(__xludf.DUMMYFUNCTION("""COMPUTED_VALUE"""),"ADA") -> ADA | BC34: =IFERROR(__xludf.DUMMYFUNCTION("""COMPUTED_VALUE"""),"ADA") -> ADA | BD34: =IFERROR(__xludf.DUMMYFUNCTION("""COMPUTED_VALUE"""),"ADA") -> ADA | BE34: =IFERROR(__xludf.DUMMYFUNCTION("""COMPUTED_VALUE"""),"ADA") -> ADA | BF34: =IFERROR(__xludf.DUMMYFUNCTION("""COMPUTED_VALUE"""),"ADA") -> ADA | BG34: =IFERROR(__xludf.DUMMYFUNCTION("""COMPUTED_VALUE"""),"ADA") -> ADA | BH34: =IFERROR(__xludf.DUMMYFUNCTION("""COMPUTED_VALUE"""),"EPOS 9200U THERMAL") -> EPOS 9200U THERMAL | BI34: =IFERROR(__xludf.DUMMYFUNCTION("""COMPUTED_VALUE"""),"ADA") -> ADA | BJ34: =IFERROR(__xludf.DUMMYFUNCTION("""COMPUTED_VALUE"""),"ADA") -> ADA | BK34: =IFERROR(__xludf.DUMMYFUNCTION("""COMPUTED_VALUE"""),"BELUM ADA") -> BELUM ADA | BV34: =IFERROR(__xludf.DUMMYFUNCTION("""COMPUTED_VALUE"""),"Dk Randulangan Rt 015 Rw 007, Ds. Randulanang, Kec. Jatinom, Kab. Klaten, Prop. Jawa Tengah") -> Dk Randulangan Rt 015 Rw 007, Ds. Randulanang, Kec. Jatinom, Kab. Klaten, Prop. Jawa Tengah
A35: =IFERROR(__xludf.DUMMYFUNCTION("""COMPUTED_VALUE"""),32.0) -> 32 | B35: =IFERROR(__xludf.DUMMYFUNCTION("""COMPUTED_VALUE"""),"02 September 2022") -> 02 September 2022 | C35: =IFERROR(__xludf.DUMMYFUNCTION("""COMPUTED_VALUE"""),"02 September 2022") -> 02 September 2022 | F35: =IFERROR(__xludf.DUMMYFUNCTION("""COMPUTED_VALUE"""),"28 OKTOBER 2022") -> 28 OKTOBER 2022 | G35: =IFERROR(__xludf.DUMMYFUNCTION("""COMPUTED_VALUE"""),44862.0) -> 44862 | I35: =IFERROR(__xludf.DUMMYFUNCTION("""COMPUTED_VALUE"""),"31 OKTOBER 2022") -> 31 OKTOBER 2022 | P35: =IFERROR(__xludf.DUMMYFUNCTION("""COMPUTED_VALUE"""),"53BSPA23844JBRHD") -> 53BSPA23844JBRHD | Q35: =IFERROR(__xludf.DUMMYFUNCTION("""COMPUTED_VALUE"""),"LOKET ACE FARMA II") -> LOKET ACE FARMA II | R35: =IFERROR(__xludf.DUMMYFUNCTION("""COMPUTED_VALUE"""),"LOKET ACE FARMA II") -> LOKET ACE FARMA II | S35: =IFERROR(__xludf.DUMMYFUNCTION("""COMPUTED_VALUE"""),"Budi Muchlis") -> Budi Muchlis | T35: =IFERROR(__xludf.DUMMYFUNCTION("""COMPUTED_VALUE"""),"Jl. Sukamenak Sayati No 41 Bandung, Jawa Barat, Indonesia 40228") -> Jl. Sukamenak Sayati No 41 Bandung, Jawa Barat, Indonesia 40228 | U35: =IFERROR(__xludf.DUMMYFUNCTION("""COMPUTED_VALUE"""),"Jl. Sukamenak Sayati no 41 Bandung, Jawa Barat, Indonesia 40228") -> Jl. Sukamenak Sayati no 41 Bandung, Jawa Barat, Indonesia 40228 | V35: =IFERROR(__xludf.DUMMYFUNCTION("""COMPUTED_VALUE"""),"002/006") -> 002/006 | W35: =IFERROR(__xludf.DUMMYFUNCTION("""COMPUTED_VALUE"""),"SAYATI") -> SAYATI | X35: =IFERROR(__xludf.DUMMYFUNCTION("""COMPUTED_VALUE"""),"MARGAHAYU") -> MARGAHAYU | Y35: =IFERROR(__xludf.DUMMYFUNCTION("""COMPUTED_VALUE"""),"KAB.BANDUNG") -> KAB.BANDUNG | Z35: =IFERROR(__xludf.DUMMYFUNCTION("""COMPUTED_VALUE"""),"JAWA BARAT") -> JAWA BARAT | AA35: =IFERROR(__xludf.DUMMYFUNCTION("""COMPUTED_VALUE"""),"40228") -> 40228 | AB35: =IFERROR(__xludf.DUMMYFUNCTION("""COMPUTED_VALUE"""),"3204090603770006") -> 3204090603770006 | AC35: =IFERROR(__xludf.DUMMYFUNCTION("""COMPUTED_VALUE"""),"74.347.497.5-445.000") -> 74.347.497.5-445.000 | AD35: =IFERROR(__xludf.DUMMYFUNCTION("""COMPUTED_VALUE"""),"CUM - HDT") -> CUM - HDT | AE35: =IFERROR(__xludf.DUMMYFUNCTION("""COMPUTED_VALUE"""),"Sub Hidayat") -> Sub Hidayat | AF35: =IFERROR(__xludf.DUMMYFUNCTION("""COMPUTED_VALUE"""),"0817-432-412") -> 0817-432-412 | AG35: =IFERROR(__xludf.DUMMYFUNCTION("""COMPUTED_VALUE"""),"0817-432-412") -> 0817-432-412 | AH35: =IFERROR(__xludf.DUMMYFUNCTION("""COMPUTED_VALUE"""),"myladieza@gmail.com") -> myladieza@gmail.com | AI35: =IFERROR(__xludf.DUMMYFUNCTION("""COMPUTED_VALUE"""),"40352S3") -> 40352S3 | AJ35: =IFERROR(__xludf.DUMMYFUNCTION("""COMPUTED_VALUE"""),"63512543f5e4b32abc646017") -> 63512543f5e4b32abc646017 | AK35: =IFERROR(__xludf.DUMMYFUNCTION("""COMPUTED_VALUE"""),"dm40352s3") -> dm40352s3 | AL35: =IFERROR(__xludf.DUMMYFUNCTION("""COMPUTED_VALUE"""),"password") -> password | AM35: =IFERROR(__xludf.DUMMYFUNCTION("""COMPUTED_VALUE"""),"KANTOR REGIONAL III BANDUNG 40004") -> KANTOR REGIONAL III BANDUNG 40004 | AN35: =IFERROR(__xludf.DUMMYFUNCTION("""COMPUTED_VALUE"""),"KANTOR POS SUKAMENAK") -> KANTOR POS SUKAMENAK | AO35: =IFERROR(__xludf.DUMMYFUNCTION("""COMPUTED_VALUE"""),"2908220060987") -> 2908220060987 | AP35: =IFERROR(__xludf.DUMMYFUNCTION("""COMPUTED_VALUE"""),"29082200609870001") -> 29082200609870001 | AT35: =IFERROR(__xludf.DUMMYFUNCTION("""COMPUTED_VALUE"""),"-6,971,326") -> -6,971,326 | AU35: =IFERROR(__xludf.DUMMYFUNCTION("""COMPUTED_VALUE"""),"107.5720766") -> 107.5720766 | AV35: =IFERROR(__xludf.DUMMYFUNCTION("""COMPUTED_VALUE"""),"ADA") -> ADA | AW35: =IFERROR(__xludf.DUMMYFUNCTION("""COMPUTED_VALUE"""),"ADA") -> ADA | BA35: =IFERROR(__xludf.DUMMYFUNCTION("""COMPUTED_VALUE"""),"ADA") -> ADA | BB35: =IFERROR(__xludf.DUMMYFUNCTION("""COMPUTED_VALUE"""),"ADA") -> ADA | BC35: =IFERROR(__xludf.DUMMYFUNCTION("""COMPUTED_VALUE"""),"ADA") -> ADA | BD35: =IFERROR(__xludf.DUMMYFUNCTION("""COMPUTED_VALUE"""),"ADA") -> ADA | BE35: =IFERROR(__xludf.DUMMYFUNCTION("""COMPUTED_VALUE"""),"ADA") -> ADA | BV35: =IFERROR(__xludf.DUMMYFUNCTION("""COMPUTED_VALUE"""),"Jl. Sukamenak Sayati No 41 Bandung, Jawa Barat, Indonesia 40228") -> Jl. Sukamenak Sayati No 41 Bandung, Jawa Barat, Indonesia 40228
A36: =IFERROR(__xludf.DUMMYFUNCTION("""COMPUTED_VALUE"""),33.0) -> 33 | B36: =IFERROR(__xludf.DUMMYFUNCTION("""COMPUTED_VALUE"""),"VIA MAS BAYU KANEKO") -> VIA MAS BAYU KANEKO | C36: =IFERROR(__xludf.DUMMYFUNCTION("""COMPUTED_VALUE"""),"VIA MAS BAYU KANEKO") -> VIA MAS BAYU KANEKO | F36: =IFERROR(__xludf.DUMMYFUNCTION("""COMPUTED_VALUE"""),"23 OKTOBER 2022") -> 23 OKTOBER 2022 | G36: =IFERROR(__xludf.DUMMYFUNCTION("""COMPUTED_VALUE"""),44858.0) -> 44858 | I36: =IFERROR(__xludf.DUMMYFUNCTION("""COMPUTED_VALUE"""),"24 OKTOBER 2022") -> 24 OKTOBER 2022 | P36: =IFERROR(__xludf.DUMMYFUNCTION("""COMPUTED_VALUE"""),"52BSPA07232JTWWK") -> 52BSPA07232JTWWK | Q36: =IFERROR(__xludf.DUMMYFUNCTION("""COMPUTED_VALUE"""),"LOKET AMANAH") -> LOKET AMANAH | R36: =IFERROR(__xludf.DUMMYFUNCTION("""COMPUTED_VALUE"""),"LOKET AMANAH") -> LOKET AMANAH | S36: =IFERROR(__xludf.DUMMYFUNCTION("""COMPUTED_VALUE"""),"Harmanta") -> Harmanta | T36: =IFERROR(__xludf.DUMMYFUNCTION("""COMPUTED_VALUE"""),"Magunan Rt.002/027") -> Magunan Rt.002/027 | U36: =IFERROR(__xludf.DUMMYFUNCTION("""COMPUTED_VALUE"""),"MANGUNAN RT.002 RW.O27 KEL.CATURHARJO KEC.SLEMAN KABUPATEN SLEMAN KODE POS '55515") -> MANGUNAN RT.002 RW.O27 KEL.CATURHARJO KEC.SLEMAN KABUPATEN SLEMAN KODE POS '55515 | V36: =IFERROR(__xludf.DUMMYFUNCTION("""COMPUTED_VALUE"""),"002/027") -> 002/027 | W36: =IFERROR(__xludf.DUMMYFUNCTION("""COMPUTED_VALUE"""),"CATURHARJO") -> CATURHARJO | X36: =IFERROR(__xludf.DUMMYFUNCTION("""COMPUTED_VALUE"""),"SLEMAN") -> SLEMAN | Y36: =IFERROR(__xludf.DUMMYFUNCTION("""COMPUTED_VALUE"""),"KAB.SLEMAN") -> KAB.SLEMAN | Z36: =IFERROR(__xludf.DUMMYFUNCTION("""COMPUTED_VALUE"""),"D.I YOGYAKARTA") -> D.I YOGYAKARTA | AA36: =IFERROR(__xludf.DUMMYFUNCTION("""COMPUTED_VALUE"""),"55515") -> 55515 | AB36: =IFERROR(__xludf.DUMMYFUNCTION("""COMPUTED_VALUE"""),"3404131702730002") -> 3404131702730002 | AC36: =IFERROR(__xludf.DUMMYFUNCTION("""COMPUTED_VALUE"""),"82.425.950.1-542.000") -> 82.425.950.1-542.000 | AD36: =IFERROR(__xludf.DUMMYFUNCTION("""COMPUTED_VALUE"""),"CUM - WWK") -> CUM - WWK | AE36: =IFERROR(__xludf.DUMMYFUNCTION("""COMPUTED_VALUE"""),"SUB WIWIK") -> SUB WIWIK | AF36: =IFERROR(__xludf.DUMMYFUNCTION("""COMPUTED_VALUE"""),"081392664819") -> 081392664819 | AG36: =IFERROR(__xludf.DUMMYFUNCTION("""COMPUTED_VALUE"""),"081392664819") -> 081392664819 | AH36: =IFERROR(__xludf.DUMMYFUNCTION("""COMPUTED_VALUE""")," harmanta33@gmail.com") -> harmanta33@gmail.com | AI36: =IFERROR(__xludf.DUMMYFUNCTION("""COMPUTED_VALUE"""),"55515S1") -> 55515S1 | AJ36: =IFERROR(__xludf.DUMMYFUNCTION("""COMPUTED_VALUE"""),"6343775ca63a670c585a2e44") -> 6343775ca63a670c585a2e44 | AK36: =IFERROR(__xludf.DUMMYFUNCTION("""COMPUTED_VALUE"""),"dm55515s1") -> dm55515s1 | AL36: =IFERROR(__xludf.DUMMYFUNCTION("""COMPUTED_VALUE"""),"password") -> password | AM36: =IFERROR(__xludf.DUMMYFUNCTION("""COMPUTED_VALUE"""),"KANTOR REGIONAL IV SEMARANG 50004") -> KANTOR REGIONAL IV SEMARANG 50004 | AN36: =IFERROR(__xludf.DUMMYFUNCTION("""COMPUTED_VALUE"""),"Kantor Pos Sleman") -> Kantor Pos Sleman | AO36: =IFERROR(__xludf.DUMMYFUNCTION("""COMPUTED_VALUE"""),"3008220051308") -> 3008220051308 | AP36: =IFERROR(__xludf.DUMMYFUNCTION("""COMPUTED_VALUE"""),"30082200513080001") -> 30082200513080001 | AT36: =IFERROR(__xludf.DUMMYFUNCTION("""COMPUTED_VALUE"""),"-76,959,059") -> -76,959,059 | AU36: =IFERROR(__xludf.DUMMYFUNCTION("""COMPUTED_VALUE"""),"110.3256314") -> 110.3256314 | AV36: =IFERROR(__xludf.DUMMYFUNCTION("""COMPUTED_VALUE"""),"ADA") -> ADA | AW36: =IFERROR(__xludf.DUMMYFUNCTION("""COMPUTED_VALUE"""),"ADA") -> ADA | BA36: =IFERROR(__xludf.DUMMYFUNCTION("""COMPUTED_VALUE"""),"ADA") -> ADA | BB36: =IFERROR(__xludf.DUMMYFUNCTION("""COMPUTED_VALUE"""),"ADA") -> ADA | BC36: =IFERROR(__xludf.DUMMYFUNCTION("""COMPUTED_VALUE"""),"ADA") -> ADA | BD36: =IFERROR(__xludf.DUMMYFUNCTION("""COMPUTED_VALUE"""),"ADA") -> ADA | BE36: =IFERROR(__xludf.DUMMYFUNCTION("""COMPUTED_VALUE"""),"ADA") -> ADA | BF36: =IFERROR(__xludf.DUMMYFUNCTION("""COMPUTED_VALUE"""),"ADA") -> ADA | BG36: =IFERROR(__xludf.DUMMYFUNCTION("""COMPUTED_VALUE"""),"ADA") -> ADA | BH36: =IFERROR(__xludf.DUMMYFUNCTION("""COMPUTED_VALUE"""),"ADA") -> ADA | BI36: =IFERROR(__xludf.DUMMYFUNCTION("""COMPUTED_VALUE"""),"BELUM ADA") -> BELUM ADA | BJ36: =IFERROR(__xludf.DUMMYFUNCTION("""COMPUTED_VALUE"""),"ADA") -> ADA | BK36: =IFERROR(__xludf.DUMMYFUNCTION("""COMPUTED_VALUE"""),"BELUM ADA") -> BELUM ADA | BV36: =IFERROR(__xludf.DUMMYFUNCTION("""COMPUTED_VALUE"""),"Magunan Rt.002/027") -> Magunan Rt.002/027
A37: =IFERROR(__xludf.DUMMYFUNCTION("""COMPUTED_VALUE"""),34.0) -> 34 | B37: =IFERROR(__xludf.DUMMYFUNCTION("""COMPUTED_VALUE"""),"01 September 2022") -> 01 September 2022 | C37: =IFERROR(__xludf.DUMMYFUNCTION("""COMPUTED_VALUE"""),"01 September 2022") -> 01 September 2022 | F37: =IFERROR(__xludf.DUMMYFUNCTION("""COMPUTED_VALUE"""),"15-Sep-22") -> 15-Sep-22 | G37: =IFERROR(__xludf.DUMMYFUNCTION("""COMPUTED_VALUE"""),44819.0) -> 44819 | I37: =IFERROR(__xludf.DUMMYFUNCTION("""COMPUTED_VALUE"""),"15 SEPTEMBER 2022") -> 15 SEPTEMBER 2022 | J37: =IFERROR(__xludf.DUMMYFUNCTION("""COMPUTED_VALUE"""),"19/09/22") -> 19/09/22 | P37: =IFERROR(__xludf.DUMMYFUNCTION("""COMPUTED_VALUE"""),"51BSPA11130JTDNH") -> 51BSPA11130JTDNH | Q37: =IFERROR(__xludf.DUMMYFUNCTION("""COMPUTED_VALUE"""),"Syafaat") -> Syafaat | R37: =IFERROR(__xludf.DUMMYFUNCTION("""COMPUTED_VALUE"""),"SYAFA'AT CELL") -> SYAFA'AT CELL | S37: =IFERROR(__xludf.DUMMYFUNCTION("""COMPUTED_VALUE"""),"Joni Suharto") -> Joni Suharto | T37: =IFERROR(__xludf.DUMMYFUNCTION("""COMPUTED_VALUE"""),"Dusun Temor Lorong Rt 022 Rw 010 Desa Bluto Kec Bbluto Kab Sumenep Jawa Timur") -> Dusun Temor Lorong Rt 022 Rw 010 Desa Bluto Kec Bbluto Kab Sumenep Jawa Timur | U37: =IFERROR(__xludf.DUMMYFUNCTION("""COMPUTED_VALUE"""),"JL. RONGNGERONG NO. 01 DUSUN TEMOR LORONG KEL BLUTO KEC BLUTO KAB SUMENEP JAWA TIMUR 69466") -> JL. RONGNGERONG NO. 01 DUSUN TEMOR LORONG KEL BLUTO KEC BLUTO KAB SUMENEP JAWA TIMUR 69466 | W37: =IFERROR(__xludf.DUMMYFUNCTION("""COMPUTED_VALUE"""),"BLUTO") -> BLUTO | X37: =IFERROR(__xludf.DUMMYFUNCTION("""COMPUTED_VALUE"""),"BLUTO") -> BLUTO | Y37: =IFERROR(__xludf.DUMMYFUNCTION("""COMPUTED_VALUE"""),"SUMENEP") -> SUMENEP | Z37: =IFERROR(__xludf.DUMMYFUNCTION("""COMPUTED_VALUE"""),"JAWA TIMUR") -> JAWA TIMUR | AA37: =IFERROR(__xludf.DUMMYFUNCTION("""COMPUTED_VALUE"""),"69466") -> 69466 | AB37: =IFERROR(__xludf.DUMMYFUNCTION("""COMPUTED_VALUE"""),"3529051509790001") -> 3529051509790001 | AC37: =IFERROR(__xludf.DUMMYFUNCTION("""COMPUTED_VALUE"""),"14.256.532.4-608.000") -> 14.256.532.4-608.000 | AD37: =IFERROR(__xludf.DUMMYFUNCTION("""COMPUTED_VALUE"""),"CUM - DNH") -> CUM - DNH | AE37: =IFERROR(__xludf.DUMMYFUNCTION("""COMPUTED_VALUE"""),"SUB DONY HARYONO") -> SUB DONY HARYONO | AF37: =IFERROR(__xludf.DUMMYFUNCTION("""COMPUTED_VALUE"""),"085607277775") -> 085607277775 | AG37: =IFERROR(__xludf.DUMMYFUNCTION("""COMPUTED_VALUE"""),"085607277775") -> 085607277775 | AH37: =IFERROR(__xludf.DUMMYFUNCTION("""COMPUTED_VALUE"""),"CHONK.JHONIE@GMAIL.COM") -> CHONK.JHONIE@GMAIL.COM | AI37: =IFERROR(__xludf.DUMMYFUNCTION("""COMPUTED_VALUE"""),"69466S1") -> 69466S1 | AJ37: =IFERROR(__xludf.DUMMYFUNCTION("""COMPUTED_VALUE"""),"63218b714f931e7105178895") -> 63218b714f931e7105178895 | AK37: =IFERROR(__xludf.DUMMYFUNCTION("""COMPUTED_VALUE"""),"dm69466s1") -> dm69466s1 | AL37: =IFERROR(__xludf.DUMMYFUNCTION("""COMPUTED_VALUE"""),"password") -> password | AM37: =IFERROR(__xludf.DUMMYFUNCTION("""COMPUTED_VALUE"""),"KANTOR REGIONAL V SURABAYA 60004") -> KANTOR REGIONAL V SURABAYA 60004 | AN37: =IFERROR(__xludf.DUMMYFUNCTION("""COMPUTED_VALUE"""),"KC SUMENEP 69400") -> KC SUMENEP 69400 | AO37: =IFERROR(__xludf.DUMMYFUNCTION("""COMPUTED_VALUE"""),"1006220014755") -> 1006220014755 | AP37: =IFERROR(__xludf.DUMMYFUNCTION("""COMPUTED_VALUE"""),"53202 ( AKTIFITAS AGEN KURIR )") -> 53202 ( AKTIFITAS AGEN KURIR ) | AT37: =IFERROR(__xludf.DUMMYFUNCTION("""COMPUTED_VALUE"""),"-71,216,715") -> -71,216,715 | AU37: =IFERROR(__xludf.DUMMYFUNCTION("""COMPUTED_VALUE"""),"1,137,971,918") -> 1,137,971,918 | AV37: =IFERROR(__xludf.DUMMYFUNCTION("""COMPUTED_VALUE"""),"ADA") -> ADA | AW37: =IFERROR(__xludf.DUMMYFUNCTION("""COMPUTED_VALUE"""),"ADA") -> ADA | BA37: =IFERROR(__xludf.DUMMYFUNCTION("""COMPUTED_VALUE"""),"ADA") -> ADA | BB37: =IFERROR(__xludf.DUMMYFUNCTION("""COMPUTED_VALUE"""),"ADA") -> ADA | BE37: =IFERROR(__xludf.DUMMYFUNCTION("""COMPUTED_VALUE"""),"ADA") -> ADA | BF37: =IFERROR(__xludf.DUMMYFUNCTION("""COMPUTED_VALUE"""),"ADA") -> ADA | BG37: =IFERROR(__xludf.DUMMYFUNCTION("""COMPUTED_VALUE"""),"ADA") -> ADA | BH37: =IFERROR(__xludf.DUMMYFUNCTION("""COMPUTED_VALUE"""),"PRINTER TINTA") -> PRINTER TINTA | BI37: =IFERROR(__xludf.DUMMYFUNCTION("""COMPUTED_VALUE"""),"ADA") -> ADA | BJ37: =IFERROR(__xludf.DUMMYFUNCTION("""COMPUTED_VALUE"""),"KERTAS HVS") -> KERTAS HVS | BL37: =IFERROR(__xludf.DUMMYFUNCTION("""COMPUTED_VALUE"""),"PLAFON") -> PLAFON | BV37: =IFERROR(__xludf.DUMMYFUNCTION("""COMPUTED_VALUE"""),"Dusun Temor Lorong Rt 022 Rw 010 Desa Bluto Kec Bbluto Kab Sumenep Jawa Timur") -> Dusun Temor Lorong Rt 022 Rw 010 Desa Bluto Kec Bbluto Kab Sumenep Jawa Timur
A38: =IFERROR(__xludf.DUMMYFUNCTION("""COMPUTED_VALUE"""),35.0) -> 35 | B38: =IFERROR(__xludf.DUMMYFUNCTION("""COMPUTED_VALUE"""),"'01 September 2022") -> '01 September 2022 | C38: =IFERROR(__xludf.DUMMYFUNCTION("""COMPUTED_VALUE"""),"'01 September 2022") -> '01 September 2022 | F38: =IFERROR(__xludf.DUMMYFUNCTION("""COMPUTED_VALUE"""),"3 OKTOBER 2022") -> 3 OKTOBER 2022 | G38: =IFERROR(__xludf.DUMMYFUNCTION("""COMPUTED_VALUE"""),44838.0) -> 44838 | I38: =IFERROR(__xludf.DUMMYFUNCTION("""COMPUTED_VALUE"""),"4/10/2022") -> 4/10/2022 | P38: =IFERROR(__xludf.DUMMYFUNCTION("""COMPUTED_VALUE"""),"53BSPA25162JBRND") -> 53BSPA25162JBRND | Q38: =IFERROR(__xludf.DUMMYFUNCTION("""COMPUTED_VALUE"""),"LOKET R&R AURA ZHAAFIRA") -> LOKET R&R AURA ZHAAFIRA | R38: =IFERROR(__xludf.DUMMYFUNCTION("""COMPUTED_VALUE"""),"LOKET R&R AURA ZHAAFIRA") -> LOKET R&R AURA ZHAAFIRA | S38: =IFERROR(__xludf.DUMMYFUNCTION("""COMPUTED_VALUE"""),"Cecep Mulyana") -> Cecep Mulyana | T38: =IFERROR(__xludf.DUMMYFUNCTION("""COMPUTED_VALUE"""),"Blok Tajurwangi Rt.002 Rw.006") -> Blok Tajurwangi Rt.002 Rw.006 | U38: =IFERROR(__xludf.DUMMYFUNCTION("""COMPUTED_VALUE"""),"BLOK TAJURWANGI RT.002 RW.006") -> BLOK TAJURWANGI RT.002 RW.006 | V38: =IFERROR(__xludf.DUMMYFUNCTION("""COMPUTED_VALUE"""),"002/006") -> 002/006 | W38: =IFERROR(__xludf.DUMMYFUNCTION("""COMPUTED_VALUE"""),"WARINGIN") -> WARINGIN | X38: =IFERROR(__xludf.DUMMYFUNCTION("""COMPUTED_VALUE"""),"PALASAH") -> PALASAH | Y38: =IFERROR(__xludf.DUMMYFUNCTION("""COMPUTED_VALUE"""),"KAB.MAJALENGKA") -> KAB.MAJALENGKA | Z38: =IFERROR(__xludf.DUMMYFUNCTION("""COMPUTED_VALUE"""),"JAWA BARAT") -> JAWA BARAT | AA38: =IFERROR(__xludf.DUMMYFUNCTION("""COMPUTED_VALUE"""),"45475") -> 45475 | AB38: =IFERROR(__xludf.DUMMYFUNCTION("""COMPUTED_VALUE"""),"3210191601810001") -> 3210191601810001 | AC38: =IFERROR(__xludf.DUMMYFUNCTION("""COMPUTED_VALUE"""),"70.352.266.4-438.000") -> 70.352.266.4-438.000 | AD38: =IFERROR(__xludf.DUMMYFUNCTION("""COMPUTED_VALUE"""),"CUM - NDS") -> CUM - NDS | AE38: =IFERROR(__xludf.DUMMYFUNCTION("""COMPUTED_VALUE"""),"SUB NURUL DIMAS") -> SUB NURUL DIMAS | AF38: =IFERROR(__xludf.DUMMYFUNCTION("""COMPUTED_VALUE"""),"081324788799") -> 081324788799 | AG38: =IFERROR(__xludf.DUMMYFUNCTION("""COMPUTED_VALUE"""),"'081324788799") -> '081324788799 | AH38: =IFERROR(__xludf.DUMMYFUNCTION("""COMPUTED_VALUE"""),"chep.maulan@gmail.com") -> chep.maulan@gmail.com | AI38: =IFERROR(__xludf.DUMMYFUNCTION("""COMPUTED_VALUE"""),"45475S1") -> 45475S1 | AJ38: =IFERROR(__xludf.DUMMYFUNCTION("""COMPUTED_VALUE"""),"63156340fb451063ac1a4ebb") -> 63156340fb451063ac1a4ebb | AK38: =IFERROR(__xludf.DUMMYFUNCTION("""COMPUTED_VALUE"""),"dm45475s1") -> dm45475s1 | AL38: =IFERROR(__xludf.DUMMYFUNCTION("""COMPUTED_VALUE"""),"password") -> password | AM38: =IFERROR(__xludf.DUMMYFUNCTION("""COMPUTED_VALUE"""),"KANTOR REGIONAL III BANDUNG 40004") -> KANTOR REGIONAL III BANDUNG 40004 | AN38: =IFERROR(__xludf.DUMMYFUNCTION("""COMPUTED_VALUE"""),"KANTOR POS PALASAH") -> KANTOR POS PALASAH | AO38: =IFERROR(__xludf.DUMMYFUNCTION("""COMPUTED_VALUE"""),"0109220038406") -> 0109220038406 | AP38: =IFERROR(__xludf.DUMMYFUNCTION("""COMPUTED_VALUE"""),"01092200384060001") -> 01092200384060001 | AT38: =IFERROR(__xludf.DUMMYFUNCTION("""COMPUTED_VALUE"""),"-67,518,419") -> -67,518,419 | AU38: =IFERROR(__xludf.DUMMYFUNCTION("""COMPUTED_VALUE"""),"108.2927095") -> 108.2927095 | AV38: =IFERROR(__xludf.DUMMYFUNCTION("""COMPUTED_VALUE"""),"ADA") -> ADA | AW38: =IFERROR(__xludf.DUMMYFUNCTION("""COMPUTED_VALUE"""),"ADA") -> ADA | BA38: =IFERROR(__xludf.DUMMYFUNCTION("""COMPUTED_VALUE"""),"ADA") -> ADA | BB38: =IFERROR(__xludf.DUMMYFUNCTION("""COMPUTED_VALUE"""),"ADA") -> ADA | BC38: =IFERROR(__xludf.DUMMYFUNCTION("""COMPUTED_VALUE"""),"ADA") -> ADA | BD38: =IFERROR(__xludf.DUMMYFUNCTION("""COMPUTED_VALUE"""),"ADA") -> ADA | BE38: =IFERROR(__xludf.DUMMYFUNCTION("""COMPUTED_VALUE"""),"ADA") -> ADA | BF38: =IFERROR(__xludf.DUMMYFUNCTION("""COMPUTED_VALUE"""),"ADA") -> ADA | BG38: =IFERROR(__xludf.DUMMYFUNCTION("""COMPUTED_VALUE"""),"ADA") -> ADA | BH38: =IFERROR(__xludf.DUMMYFUNCTION("""COMPUTED_VALUE"""),"EPSON") -> EPSON | BI38: =IFERROR(__xludf.DUMMYFUNCTION("""COMPUTED_VALUE"""),"ADA") -> ADA | BJ38: =IFERROR(__xludf.DUMMYFUNCTION("""COMPUTED_VALUE"""),"KERTAS HVS") -> KERTAS HVS | BK38: =IFERROR(__xludf.DUMMYFUNCTION("""COMPUTED_VALUE"""),"BELUM ADA") -> BELUM ADA | BV38: =IFERROR(__xludf.DUMMYFUNCTION("""COMPUTED_VALUE"""),"Blok Tajurwangi Rt.002 Rw.006") -> Blok Tajurwangi Rt.002 Rw.006
A39: =IFERROR(__xludf.DUMMYFUNCTION("""COMPUTED_VALUE"""),36.0) -> 36 | B39: =IFERROR(__xludf.DUMMYFUNCTION("""COMPUTED_VALUE"""),"'01 September 2022") -> '01 September 2022 | C39: =IFERROR(__xludf.DUMMYFUNCTION("""COMPUTED_VALUE"""),"'01 September 2022") -> '01 September 2022 | P39: =IFERROR(__xludf.DUMMYFUNCTION("""COMPUTED_VALUE"""),"55BSPA05285BLINN") -> 55BSPA05285BLINN | Q39: =IFERROR(__xludf.DUMMYFUNCTION("""COMPUTED_VALUE"""),"LOKET ONPAYS") -> LOKET ONPAYS | R39: =IFERROR(__xludf.DUMMYFUNCTION("""COMPUTED_VALUE"""),"LOKET ONPAYS") -> LOKET ONPAYS | S39: =IFERROR(__xludf.DUMMYFUNCTION("""COMPUTED_VALUE"""),"I Ketut Sugiarta") -> I Ketut Sugiarta | T39: =IFERROR(__xludf.DUMMYFUNCTION("""COMPUTED_VALUE"""),"Jl.Buana Kubu Gg.Asam Xiv C N0.7 Kel.Tegal Harum Kec.Denpasar Barat") -> Jl.Buana Kubu Gg.Asam Xiv C N0.7 Kel.Tegal Harum Kec.Denpasar Barat | U39: =IFERROR(__xludf.DUMMYFUNCTION("""COMPUTED_VALUE"""),"Jalan gunung Batur no 60 kelurahan pemecutan Denpasar barat") -> Jalan gunung Batur no 60 kelurahan pemecutan Denpasar barat | W39: =IFERROR(__xludf.DUMMYFUNCTION("""COMPUTED_VALUE"""),"PEMECUTAN") -> PEMECUTAN | X39: =IFERROR(__xludf.DUMMYFUNCTION("""COMPUTED_VALUE"""),"DENPASAR BARAT") -> DENPASAR BARAT | Y39: =IFERROR(__xludf.DUMMYFUNCTION("""COMPUTED_VALUE"""),"KOTA DENPASAR") -> KOTA DENPASAR | Z39: =IFERROR(__xludf.DUMMYFUNCTION("""COMPUTED_VALUE"""),"BALI") -> BALI | AA39: =IFERROR(__xludf.DUMMYFUNCTION("""COMPUTED_VALUE"""),"80119") -> 80119 | AB39: =IFERROR(__xludf.DUMMYFUNCTION("""COMPUTED_VALUE"""),"5171030601810020") -> 5171030601810020 | AC39: =IFERROR(__xludf.DUMMYFUNCTION("""COMPUTED_VALUE"""),"57.943.315.2-901.000") -> 57.943.315.2-901.000 | AD39: =IFERROR(__xludf.DUMMYFUNCTION("""COMPUTED_VALUE"""),"CUM - NIN") -> CUM - NIN | AE39: =IFERROR(__xludf.DUMMYFUNCTION("""COMPUTED_VALUE"""),"SUB NINING") -> SUB NINING | AF39: =IFERROR(__xludf.DUMMYFUNCTION("""COMPUTED_VALUE"""),"081916655738") -> 081916655738 | AG39: =IFERROR(__xludf.DUMMYFUNCTION("""COMPUTED_VALUE"""),"'081916655738") -> '081916655738 | AH39: =IFERROR(__xludf.DUMMYFUNCTION("""COMPUTED_VALUE"""),"ktunyil87@gmail.com") -> ktunyil87@gmail.com | AI39: =IFERROR(__xludf.DUMMYFUNCTION("""COMPUTED_VALUE"""),"80119S5") -> 80119S5 | AJ39: =IFERROR(__xludf.DUMMYFUNCTION("""COMPUTED_VALUE"""),"634e12ddd921c5046f51dc97") -> 634e12ddd921c5046f51dc97 | AK39: =IFERROR(__xludf.DUMMYFUNCTION("""COMPUTED_VALUE"""),"dm80119s5") -> dm80119s5 | AL39: =IFERROR(__xludf.DUMMYFUNCTION("""COMPUTED_VALUE"""),"password") -> password | AM39: =IFERROR(__xludf.DUMMYFUNCTION("""COMPUTED_VALUE"""),"KANTOR REGIONAL V SURABAYA 60004") -> KANTOR REGIONAL V SURABAYA 60004 | AN39: =IFERROR(__xludf.DUMMYFUNCTION("""COMPUTED_VALUE"""),"KANTOR POS KCU DENPASAR") -> KANTOR POS KCU DENPASAR | AO39: =IFERROR(__xludf.DUMMYFUNCTION("""COMPUTED_VALUE"""),"0109220050995") -> 0109220050995 | AP39: =IFERROR(__xludf.DUMMYFUNCTION("""COMPUTED_VALUE"""),"01092200509950001") -> 01092200509950001 | AT39: =IFERROR(__xludf.DUMMYFUNCTION("""COMPUTED_VALUE"""),"-8.6580397") -> -8.6580397 | AU39: =IFERROR(__xludf.DUMMYFUNCTION("""COMPUTED_VALUE"""),"'115.2054579") -> '115.2054579 | AV39: =IFERROR(__xludf.DUMMYFUNCTION("""COMPUTED_VALUE"""),"ADA") -> ADA | AW39: =IFERROR(__xludf.DUMMYFUNCTION("""COMPUTED_VALUE"""),"ADA") -> ADA | BA39: =IFERROR(__xludf.DUMMYFUNCTION("""COMPUTED_VALUE"""),"ADA") -> ADA | BB39: =IFERROR(__xludf.DUMMYFUNCTION("""COMPUTED_VALUE"""),"ADA") -> ADA | BC39: =IFERROR(__xludf.DUMMYFUNCTION("""COMPUTED_VALUE"""),"ADA") -> ADA | BD39: =IFERROR(__xludf.DUMMYFUNCTION("""COMPUTED_VALUE"""),"ADA") -> ADA | BE39: =IFERROR(__xludf.DUMMYFUNCTION("""COMPUTED_VALUE"""),"ADA") -> ADA | BF39: =IFERROR(__xludf.DUMMYFUNCTION("""COMPUTED_VALUE"""),"ADA") -> ADA | BG39: =IFERROR(__xludf.DUMMYFUNCTION("""COMPUTED_VALUE"""),"ADA") -> ADA | BV39: =IFERROR(__xludf.DUMMYFUNCTION("""COMPUTED_VALUE"""),"Jl.Buana Kubu Gg.Asam Xiv C N0.7 Kel.Tegal Harum Kec.Denpasar Barat") -> Jl.Buana Kubu Gg.Asam Xiv C N0.7 Kel.Tegal Harum Kec.Denpasar Barat
A40: =IFERROR(__xludf.DUMMYFUNCTION("""COMPUTED_VALUE"""),37.0) -> 37 | B40: =IFERROR(__xludf.DUMMYFUNCTION("""COMPUTED_VALUE"""),"17 OKTOBER 2022") -> 17 OKTOBER 2022 | C40: =IFERROR(__xludf.DUMMYFUNCTION("""COMPUTED_VALUE"""),"18 OKTOBER 2022") -> 18 OKTOBER 2022 | P40: =IFERROR(__xludf.DUMMYFUNCTION("""COMPUTED_VALUE"""),"52BSPA07244JTWWK") -> 52BSPA07244JTWWK | Q40: =IFERROR(__xludf.DUMMYFUNCTION("""COMPUTED_VALUE"""),"LOKET AGEN POS NIAS") -> LOKET AGEN POS NIAS | R40: =IFERROR(__xludf.DUMMYFUNCTION("""COMPUTED_VALUE"""),"LOKET AGEN POS NIAS") -> LOKET AGEN POS NIAS | S40: =IFERROR(__xludf.DUMMYFUNCTION("""COMPUTED_VALUE"""),"Boy Iman Syukur Gulo") -> Boy Iman Syukur Gulo | T40: =IFERROR(__xludf.DUMMYFUNCTION("""COMPUTED_VALUE"""),"Lawelu, Desa/Kelurahan Lawelu, Kec. Ulu Moro""O, Kab. Nias Barat.Provinsi Sumatera Utara") -> Lawelu, Desa/Kelurahan Lawelu, Kec. Ulu Moro"O, Kab. Nias Barat.Provinsi Sumatera Utara | U40: =IFERROR(__xludf.DUMMYFUNCTION("""COMPUTED_VALUE"""),"LAWELU, Desa/Kelurahan Lawelu, Kec. Ulu Moro""o, Kab. Nias Barat.Provinsi Sumatera Utara") -> LAWELU, Desa/Kelurahan Lawelu, Kec. Ulu Moro"o, Kab. Nias Barat.Provinsi Sumatera Utara | W40: =IFERROR(__xludf.DUMMYFUNCTION("""COMPUTED_VALUE"""),"LAWELU") -> LAWELU | X40: =IFERROR(__xludf.DUMMYFUNCTION("""COMPUTED_VALUE"""),"ULU MORO""O") -> ULU MORO"O | Y40: =IFERROR(__xludf.DUMMYFUNCTION("""COMPUTED_VALUE"""),"KAB.NIAS") -> KAB.NIAS | Z40: =IFERROR(__xludf.DUMMYFUNCTION("""COMPUTED_VALUE"""),"SUMATERA UTARA") -> SUMATERA UTARA | AA40: =IFERROR(__xludf.DUMMYFUNCTION("""COMPUTED_VALUE"""),"22862") -> 22862 | AB40: =IFERROR(__xludf.DUMMYFUNCTION("""COMPUTED_VALUE"""),"1204241911990002") -> 1204241911990002 | AC40: =IFERROR(__xludf.DUMMYFUNCTION("""COMPUTED_VALUE"""),"60.848.688.2-126.000") -> 60.848.688.2-126.000 | AD40: =IFERROR(__xludf.DUMMYFUNCTION("""COMPUTED_VALUE"""),"CUM - WWK") -> CUM - WWK | AE40: =IFERROR(__xludf.DUMMYFUNCTION("""COMPUTED_VALUE"""),"SUB WIWIK") -> SUB WIWIK | AF40: =IFERROR(__xludf.DUMMYFUNCTION("""COMPUTED_VALUE"""),"082237922714") -> 082237922714 | AG40: =IFERROR(__xludf.DUMMYFUNCTION("""COMPUTED_VALUE"""),"'082237922714") -> '082237922714 | AH40: =IFERROR(__xludf.DUMMYFUNCTION("""COMPUTED_VALUE"""),"guloboy520@gmail.com") -> guloboy520@gmail.com | AI40: =IFERROR(__xludf.DUMMYFUNCTION("""COMPUTED_VALUE"""),"22862S2") -> 22862S2 | AJ40: =IFERROR(__xludf.DUMMYFUNCTION("""COMPUTED_VALUE"""),"635fdf4cd7b6af4997159244") -> 635fdf4cd7b6af4997159244 | AK40: =IFERROR(__xludf.DUMMYFUNCTION("""COMPUTED_VALUE"""),"dm22862s2") -> dm22862s2 | AL40: =IFERROR(__xludf.DUMMYFUNCTION("""COMPUTED_VALUE"""),"password") -> password | AM40: =IFERROR(__xludf.DUMMYFUNCTION("""COMPUTED_VALUE"""),"KANTOR REGIONAL I MEDAN 20004") -> KANTOR REGIONAL I MEDAN 20004 | AN40: =IFERROR(__xludf.DUMMYFUNCTION("""COMPUTED_VALUE"""),"KANTOR POS SIROMBU") -> KANTOR POS SIROMBU | AO40: =IFERROR(__xludf.DUMMYFUNCTION("""COMPUTED_VALUE""")," 0509220054941") -> 0509220054941 | AP40: =IFERROR(__xludf.DUMMYFUNCTION("""COMPUTED_VALUE"""),"05092200549410001") -> 05092200549410001 | AT40: =IFERROR(__xludf.DUMMYFUNCTION("""COMPUTED_VALUE"""),"1.0287445") -> 1.0287445 | AU40: =IFERROR(__xludf.DUMMYFUNCTION("""COMPUTED_VALUE"""),"97.5313685") -> 97.5313685 | AV40: =IFERROR(__xludf.DUMMYFUNCTION("""COMPUTED_VALUE"""),"ADA") -> ADA | AW40: =IFERROR(__xludf.DUMMYFUNCTION("""COMPUTED_VALUE"""),"ADA") -> ADA | BA40: =IFERROR(__xludf.DUMMYFUNCTION("""COMPUTED_VALUE"""),"ADA") -> ADA | BB40: =IFERROR(__xludf.DUMMYFUNCTION("""COMPUTED_VALUE"""),"ADA") -> ADA | BC40: =IFERROR(__xludf.DUMMYFUNCTION("""COMPUTED_VALUE"""),"ADA") -> ADA | BD40: =IFERROR(__xludf.DUMMYFUNCTION("""COMPUTED_VALUE"""),"ADA") -> ADA | BE40: =IFERROR(__xludf.DUMMYFUNCTION("""COMPUTED_VALUE"""),"ADA") -> ADA | BF40: =IFERROR(__xludf.DUMMYFUNCTION("""COMPUTED_VALUE"""),"BELUM ADA") -> BELUM ADA | BG40: =IFERROR(__xludf.DUMMYFUNCTION("""COMPUTED_VALUE"""),"BELUM ADA") -> BELUM ADA | BH40: =IFERROR(__xludf.DUMMYFUNCTION("""COMPUTED_VALUE"""),"BELUM ADA") -> BELUM ADA | BI40: =IFERROR(__xludf.DUMMYFUNCTION("""COMPUTED_VALUE"""),"BELUM ADA") -> BELUM ADA | BJ40: =IFERROR(__xludf.DUMMYFUNCTION("""COMPUTED_VALUE"""),"BELUM ADA") -> BELUM ADA | BK40: =IFERROR(__xludf.DUMMYFUNCTION("""COMPUTED_VALUE"""),"BELUM ADA") -> BELUM ADA | BV40: =IFERROR(__xludf.DUMMYFUNCTION("""COMPUTED_VALUE"""),"Lawelu, Desa/Kelurahan Lawelu, Kec. Ulu Moro""O, Kab. Nias Barat.Provinsi Sumatera Utara") -> Lawelu, Desa/Kelurahan Lawelu, Kec. Ulu Moro"O, Kab. Nias Barat.Provinsi Sumatera Utara
A41: =IFERROR(__xludf.DUMMYFUNCTION("""COMPUTED_VALUE"""),38.0) -> 38 | B41: =IFERROR(__xludf.DUMMYFUNCTION("""COMPUTED_VALUE"""),"07 SEPTEMBER 2022") -> 07 SEPTEMBER 2022 | C41: =IFERROR(__xludf.DUMMYFUNCTION("""COMPUTED_VALUE"""),"07 SEPTEMBER 2022") -> 07 SEPTEMBER 2022 | K41: =IFERROR(__xludf.DUMMYFUNCTION("""COMPUTED_VALUE"""),"PERANGKAT BELUM LENGKAP") -> PERANGKAT BELUM LENGKAP | P41: =IFERROR(__xludf.DUMMYFUNCTION("""COMPUTED_VALUE"""),"12BSPA19408PGWNF") -> 12BSPA19408PGWNF | Q41: =IFERROR(__xludf.DUMMYFUNCTION("""COMPUTED_VALUE"""),"CV. BARITO KARYA INDAH") -> CV. BARITO KARYA INDAH | R41: =IFERROR(__xludf.DUMMYFUNCTION("""COMPUTED_VALUE"""),"CV. BARITO KARYA INDAH") -> CV. BARITO KARYA INDAH | S41: =IFERROR(__xludf.DUMMYFUNCTION("""COMPUTED_VALUE"""),"Cv. Barito Karya Indah (Yamin)") -> Cv. Barito Karya Indah (Yamin) | T41: =IFERROR(__xludf.DUMMYFUNCTION("""COMPUTED_VALUE"""),"Jl Barito Blok B No 18 1488 Rt 022 Rw 010 Sukamaju Sako Kota Palembang Sumatera Selatan") -> Jl Barito Blok B No 18 1488 Rt 022 Rw 010 Sukamaju Sako Kota Palembang Sumatera Selatan | U41: =IFERROR(__xludf.DUMMYFUNCTION("""COMPUTED_VALUE"""),"JLN. KIMAROGAN NO 2548 KEL KARYA JAYA KEC KERTAPATI KOTA PALEMBANG SUMATERA SELATAN") -> JLN. KIMAROGAN NO 2548 KEL KARYA JAYA KEC KERTAPATI KOTA PALEMBANG SUMATERA SELATAN | W41: =IFERROR(__xludf.DUMMYFUNCTION("""COMPUTED_VALUE"""),"KARYA JAYA") -> KARYA JAYA | X41: =IFERROR(__xludf.DUMMYFUNCTION("""COMPUTED_VALUE"""),"KERTAPATI") -> KERTAPATI | Y41: =IFERROR(__xludf.DUMMYFUNCTION("""COMPUTED_VALUE"""),"PALEMBANG") -> PALEMBANG | Z41: =IFERROR(__xludf.DUMMYFUNCTION("""COMPUTED_VALUE"""),"SUMATERA SELATAN") -> SUMATERA SELATAN | AA41: =IFERROR(__xludf.DUMMYFUNCTION("""COMPUTED_VALUE"""),"30259") -> 30259 | AB41: =IFERROR(__xludf.DUMMYFUNCTION("""COMPUTED_VALUE"""),"1671132307740001") -> 1671132307740001 | AC41: =IFERROR(__xludf.DUMMYFUNCTION("""COMPUTED_VALUE"""),"94.521.802.2-301.000") -> 94.521.802.2-301.000 | AD41: =IFERROR(__xludf.DUMMYFUNCTION("""COMPUTED_VALUE"""),"CUM - WNF") -> CUM - WNF | AE41: =IFERROR(__xludf.DUMMYFUNCTION("""COMPUTED_VALUE"""),"SUB WINDA NURFITRIA") -> SUB WINDA NURFITRIA | AF41: =IFERROR(__xludf.DUMMYFUNCTION("""COMPUTED_VALUE"""),"088286035267") -> 088286035267 | AG41: =IFERROR(__xludf.DUMMYFUNCTION("""COMPUTED_VALUE"""),"088286035267") -> 088286035267 | AH41: =IFERROR(__xludf.DUMMYFUNCTION("""COMPUTED_VALUE"""),"yaminy136@gmail.com") -> yaminy136@gmail.com | AI41: =IFERROR(__xludf.DUMMYFUNCTION("""COMPUTED_VALUE"""),"30259S2") -> 30259S2 | AJ41: =IFERROR(__xludf.DUMMYFUNCTION("""COMPUTED_VALUE"""),"632eaaa68e570144f545e2fd") -> 632eaaa68e570144f545e2fd | AK41: =IFERROR(__xludf.DUMMYFUNCTION("""COMPUTED_VALUE"""),"dm30259s2") -> dm30259s2 | AL41: =IFERROR(__xludf.DUMMYFUNCTION("""COMPUTED_VALUE"""),"password") -> password | AM41: =IFERROR(__xludf.DUMMYFUNCTION("""COMPUTED_VALUE"""),"KANTOR REGIONAL I MEDAN 20004") -> KANTOR REGIONAL I MEDAN 20004 | AN41: =IFERROR(__xludf.DUMMYFUNCTION("""COMPUTED_VALUE"""),"KCU PALEMBANG") -> KCU PALEMBANG | AO41: =IFERROR(__xludf.DUMMYFUNCTION("""COMPUTED_VALUE"""),"0220208330636") -> 0220208330636 | AP41: =IFERROR(__xludf.DUMMYFUNCTION("""COMPUTED_VALUE"""),"'53202 ( AKTIFITAS AGEN KURIR )") -> '53202 ( AKTIFITAS AGEN KURIR ) | AT41: =IFERROR(__xludf.DUMMYFUNCTION("""COMPUTED_VALUE"""),"-3.0269865") -> -3.0269865 | AU41: =IFERROR(__xludf.DUMMYFUNCTION("""COMPUTED_VALUE"""),"104.7492058") -> 104.7492058 | AV41: =IFERROR(__xludf.DUMMYFUNCTION("""COMPUTED_VALUE"""),"ADA") -> ADA | AW41: =IFERROR(__xludf.DUMMYFUNCTION("""COMPUTED_VALUE"""),"ADA") -> ADA | BA41: =IFERROR(__xludf.DUMMYFUNCTION("""COMPUTED_VALUE"""),"ADA") -> ADA | BB41: =IFERROR(__xludf.DUMMYFUNCTION("""COMPUTED_VALUE"""),"ADA") -> ADA | BC41: =IFERROR(__xludf.DUMMYFUNCTION("""COMPUTED_VALUE"""),"ADA") -> ADA | BD41: =IFERROR(__xludf.DUMMYFUNCTION("""COMPUTED_VALUE"""),"ADA") -> ADA | BE41: =IFERROR(__xludf.DUMMYFUNCTION("""COMPUTED_VALUE"""),"ADA") -> ADA | BF41: =IFERROR(__xludf.DUMMYFUNCTION("""COMPUTED_VALUE"""),"ADA") -> ADA | BG41: =IFERROR(__xludf.DUMMYFUNCTION("""COMPUTED_VALUE"""),"ADA") -> ADA | BH41: =IFERROR(__xludf.DUMMYFUNCTION("""COMPUTED_VALUE"""),"PRINTER TINTA") -> PRINTER TINTA | BI41: =IFERROR(__xludf.DUMMYFUNCTION("""COMPUTED_VALUE"""),"ADA") -> ADA | BJ41: =IFERROR(__xludf.DUMMYFUNCTION("""COMPUTED_VALUE"""),"KERTAS HVS") -> KERTAS HVS | BV41: =IFERROR(__xludf.DUMMYFUNCTION("""COMPUTED_VALUE"""),"Jl Barito Blok B No 18 1488 Rt 022 Rw 010 Sukamaju Sako Kota Palembang Sumatera Selatan") -> Jl Barito Blok B No 18 1488 Rt 022 Rw 010 Sukamaju Sako Kota Palembang Sumatera Selatan
A42: =IFERROR(__xludf.DUMMYFUNCTION("""COMPUTED_VALUE"""),39.0) -> 39 | B42: =IFERROR(__xludf.DUMMYFUNCTION("""COMPUTED_VALUE"""),"07 SEPTEMBER 2022") -> 07 SEPTEMBER 2022 | C42: =IFERROR(__xludf.DUMMYFUNCTION("""COMPUTED_VALUE"""),"07 SEPTEMBER 2022") -> 07 SEPTEMBER 2022 | K42: =IFERROR(__xludf.DUMMYFUNCTION("""COMPUTED_VALUE"""),"PERANGKAT BELUM LENGKAP") -> PERANGKAT BELUM LENGKAP | P42: =IFERROR(__xludf.DUMMYFUNCTION("""COMPUTED_VALUE"""),"53BSPA28386JBCUM") -> 53BSPA28386JBCUM | Q42: =IFERROR(__xludf.DUMMYFUNCTION("""COMPUTED_VALUE"""),"TEGAR MANDIRI") -> TEGAR MANDIRI | R42: =IFERROR(__xludf.DUMMYFUNCTION("""COMPUTED_VALUE"""),"TEGAR MANDIRI") -> TEGAR MANDIRI | S42: =IFERROR(__xludf.DUMMYFUNCTION("""COMPUTED_VALUE"""),"Muhammad Gustifal Fauzi") -> Muhammad Gustifal Fauzi | T42: =IFERROR(__xludf.DUMMYFUNCTION("""COMPUTED_VALUE"""),"Jln Opi Raya Blok H10 Rt 40 Rw 13 Kel 15 Ulu Kec Jakabaring Kota Palembang Sumatera Selatan 30257") -> Jln Opi Raya Blok H10 Rt 40 Rw 13 Kel 15 Ulu Kec Jakabaring Kota Palembang Sumatera Selatan 30257 | U42: =IFERROR(__xludf.DUMMYFUNCTION("""COMPUTED_VALUE"""),"JLN OPI RAYA BLOK H10 RT 40 RW 13 KEL 15 ULU KEC JAKABARING KOTA PALEMBANG SUMATERA SELATAN 30257") -> JLN OPI RAYA BLOK H10 RT 40 RW 13 KEL 15 ULU KEC JAKABARING KOTA PALEMBANG SUMATERA SELATAN 30257 | V42: =IFERROR(__xludf.DUMMYFUNCTION("""COMPUTED_VALUE"""),"040/13") -> 040/13 | W42: =IFERROR(__xludf.DUMMYFUNCTION("""COMPUTED_VALUE"""),"15 ULU") -> 15 ULU | X42: =IFERROR(__xludf.DUMMYFUNCTION("""COMPUTED_VALUE"""),"JAKABARING") -> JAKABARING | Y42: =IFERROR(__xludf.DUMMYFUNCTION("""COMPUTED_VALUE"""),"PALEMBANG") -> PALEMBANG | Z42: =IFERROR(__xludf.DUMMYFUNCTION("""COMPUTED_VALUE"""),"SUMATERA SELATAN") -> SUMATERA SELATAN | AA42: =IFERROR(__xludf.DUMMYFUNCTION("""COMPUTED_VALUE"""),"30257") -> 30257 | AB42: =IFERROR(__xludf.DUMMYFUNCTION("""COMPUTED_VALUE"""),"1671020508800007") -> 1671020508800007 | AC42: =IFERROR(__xludf.DUMMYFUNCTION("""COMPUTED_VALUE"""),"72.832.342.9-306.000") -> 72.832.342.9-306.000 | AD42: =IFERROR(__xludf.DUMMYFUNCTION("""COMPUTED_VALUE"""),"CUM - WNF") -> CUM - WNF | AE42: =IFERROR(__xludf.DUMMYFUNCTION("""COMPUTED_VALUE"""),"SUB WINDA NURFITRIA") -> SUB WINDA NURFITRIA | AF42: =IFERROR(__xludf.DUMMYFUNCTION("""COMPUTED_VALUE"""),"08117261414") -> 08117261414 | AG42: =IFERROR(__xludf.DUMMYFUNCTION("""COMPUTED_VALUE"""),"08117261414") -> 08117261414 | AH42: =IFERROR(__xludf.DUMMYFUNCTION("""COMPUTED_VALUE"""),"ceo.tegarmandiri@gmail.com") -> ceo.tegarmandiri@gmail.com | AI42: =IFERROR(__xludf.DUMMYFUNCTION("""COMPUTED_VALUE"""),"30251S4") -> 30251S4 | AJ42: =IFERROR(__xludf.DUMMYFUNCTION("""COMPUTED_VALUE"""),"632ea6605f8e4504ef6e24e4") -> 632ea6605f8e4504ef6e24e4 | AK42: =IFERROR(__xludf.DUMMYFUNCTION("""COMPUTED_VALUE"""),"dm30251s4") -> dm30251s4 | AL42: =IFERROR(__xludf.DUMMYFUNCTION("""COMPUTED_VALUE"""),"password") -> password | AM42: =IFERROR(__xludf.DUMMYFUNCTION("""COMPUTED_VALUE"""),"KANTOR REGIONAL I MEDAN 20004") -> KANTOR REGIONAL I MEDAN 20004 | AN42: =IFERROR(__xludf.DUMMYFUNCTION("""COMPUTED_VALUE"""),"KCU PALEMBANG") -> KCU PALEMBANG | AO42: =IFERROR(__xludf.DUMMYFUNCTION("""COMPUTED_VALUE"""),"0911210014095") -> 0911210014095 | AP42: =IFERROR(__xludf.DUMMYFUNCTION("""COMPUTED_VALUE"""),"'53202 ( AKTIFITAS AGEN KURIR )") -> '53202 ( AKTIFITAS AGEN KURIR ) | AT42: =IFERROR(__xludf.DUMMYFUNCTION("""COMPUTED_VALUE"""),"-3.0479703") -> -3.0479703 | AU42: =IFERROR(__xludf.DUMMYFUNCTION("""COMPUTED_VALUE"""),"104.7822883") -> 104.7822883 | AV42: =IFERROR(__xludf.DUMMYFUNCTION("""COMPUTED_VALUE"""),"ADA") -> ADA | AW42: =IFERROR(__xludf.DUMMYFUNCTION("""COMPUTED_VALUE"""),"ADA") -> ADA | BA42: =IFERROR(__xludf.DUMMYFUNCTION("""COMPUTED_VALUE"""),"ADA") -> ADA | BB42: =IFERROR(__xludf.DUMMYFUNCTION("""COMPUTED_VALUE"""),"ADA") -> ADA | BC42: =IFERROR(__xludf.DUMMYFUNCTION("""COMPUTED_VALUE"""),"ADA") -> ADA | BD42: =IFERROR(__xludf.DUMMYFUNCTION("""COMPUTED_VALUE"""),"ADA") -> ADA | BE42: =IFERROR(__xludf.DUMMYFUNCTION("""COMPUTED_VALUE"""),"ADA") -> ADA | BF42: =IFERROR(__xludf.DUMMYFUNCTION("""COMPUTED_VALUE"""),"ADA") -> ADA | BG42: =IFERROR(__xludf.DUMMYFUNCTION("""COMPUTED_VALUE"""),"ADA") -> ADA | BH42: =IFERROR(__xludf.DUMMYFUNCTION("""COMPUTED_VALUE"""),"ADA") -> ADA | BV42: =IFERROR(__xludf.DUMMYFUNCTION("""COMPUTED_VALUE"""),"Jln Opi Raya Blok H10 Rt 40 Rw 13 Kel 15 Ulu Kec Jakabaring Kota Palembang Sumatera Selatan 30257") -> Jln Opi Raya Blok H10 Rt 40 Rw 13 Kel 15 Ulu Kec Jakabaring Kota Palembang Sumatera Selatan 30257
A43: =IFERROR(__xludf.DUMMYFUNCTION("""COMPUTED_VALUE"""),40.0) -> 40 | B43: =IFERROR(__xludf.DUMMYFUNCTION("""COMPUTED_VALUE"""),"03 SEPTEMBER 2022") -> 03 SEPTEMBER 2022 | C43: =IFERROR(__xludf.DUMMYFUNCTION("""COMPUTED_VALUE"""),"03 SEPTEMBER 2022") -> 03 SEPTEMBER 2022 | F43: =IFERROR(__xludf.DUMMYFUNCTION("""COMPUTED_VALUE"""),"14 SEPTEMBER 2022") -> 14 SEPTEMBER 2022 | G43: =IFERROR(__xludf.DUMMYFUNCTION("""COMPUTED_VALUE"""),44818.0) -> 44818 | I43: =IFERROR(__xludf.DUMMYFUNCTION("""COMPUTED_VALUE"""),"14 SEPTEMBER 2022") -> 14 SEPTEMBER 2022 | J43: =IFERROR(__xludf.DUMMYFUNCTION("""COMPUTED_VALUE"""),"5/10/2022") -> 5/10/2022 | P43: =IFERROR(__xludf.DUMMYFUNCTION("""COMPUTED_VALUE"""),"52BSPA22796JTYNA") -> 52BSPA22796JTYNA | Q43: =IFERROR(__xludf.DUMMYFUNCTION("""COMPUTED_VALUE"""),"LOKET KIOS SPBU KRAGUMAN") -> LOKET KIOS SPBU KRAGUMAN | R43: =IFERROR(__xludf.DUMMYFUNCTION("""COMPUTED_VALUE"""),"LOKET KIOS SPBU KRAGUMAN") -> LOKET KIOS SPBU KRAGUMAN | S43: =IFERROR(__xludf.DUMMYFUNCTION("""COMPUTED_VALUE"""),"Rochmanudin") -> Rochmanudin | T43: =IFERROR(__xludf.DUMMYFUNCTION("""COMPUTED_VALUE"""),"Jl.Sumberan Rt.011 Rw.008 Kel.Bakung Kec.Jogonalan") -> Jl.Sumberan Rt.011 Rw.008 Kel.Bakung Kec.Jogonalan | U43: =IFERROR(__xludf.DUMMYFUNCTION("""COMPUTED_VALUE"""),"JL.YOGYA SOLO KM 25 ") -> JL.YOGYA SOLO KM 25 | W43: =IFERROR(__xludf.DUMMYFUNCTION("""COMPUTED_VALUE"""),"KRAGUMAN") -> KRAGUMAN | X43: =IFERROR(__xludf.DUMMYFUNCTION("""COMPUTED_VALUE"""),"JOGONALAN") -> JOGONALAN | Y43: =IFERROR(__xludf.DUMMYFUNCTION("""COMPUTED_VALUE"""),"KAB KLATEN") -> KAB KLATEN | Z43: =IFERROR(__xludf.DUMMYFUNCTION("""COMPUTED_VALUE"""),"JAWA TENGAH") -> JAWA TENGAH | AA43: =IFERROR(__xludf.DUMMYFUNCTION("""COMPUTED_VALUE"""),"57452") -> 57452 | AB43: =IFERROR(__xludf.DUMMYFUNCTION("""COMPUTED_VALUE"""),"3306123112790001") -> 3306123112790001 | AC43: =IFERROR(__xludf.DUMMYFUNCTION("""COMPUTED_VALUE"""),"24.822.034.5-531.000") -> 24.822.034.5-531.000 | AD43: =IFERROR(__xludf.DUMMYFUNCTION("""COMPUTED_VALUE"""),"CUM - YNA") -> CUM - YNA | AE43: =IFERROR(__xludf.DUMMYFUNCTION("""COMPUTED_VALUE"""),"SUB YOHANNITA") -> SUB YOHANNITA | AF43: =IFERROR(__xludf.DUMMYFUNCTION("""COMPUTED_VALUE"""),"081542756660") -> 081542756660 | AG43: =IFERROR(__xludf.DUMMYFUNCTION("""COMPUTED_VALUE"""),"081542756660") -> 081542756660 | AH43: =IFERROR(__xludf.DUMMYFUNCTION("""COMPUTED_VALUE"""),"rochmanudin79@gmail.com") -> rochmanudin79@gmail.com | AI43: =IFERROR(__xludf.DUMMYFUNCTION("""COMPUTED_VALUE"""),"57452S5") -> 57452S5 | AJ43: =IFERROR(__xludf.DUMMYFUNCTION("""COMPUTED_VALUE"""),"631adb5c2f05ea4880355784") -> 631adb5c2f05ea4880355784 | AK43: =IFERROR(__xludf.DUMMYFUNCTION("""COMPUTED_VALUE"""),"dm57452s5") -> dm57452s5 | AL43: =IFERROR(__xludf.DUMMYFUNCTION("""COMPUTED_VALUE"""),"password") -> password | AM43: =IFERROR(__xludf.DUMMYFUNCTION("""COMPUTED_VALUE"""),"KANTOR REGIONAL IV SEMARANG 50004") -> KANTOR REGIONAL IV SEMARANG 50004 | AN43: =IFERROR(__xludf.DUMMYFUNCTION("""COMPUTED_VALUE"""),"KANTOR POS GONDANGWINANGUN") -> KANTOR POS GONDANGWINANGUN | AO43: =IFERROR(__xludf.DUMMYFUNCTION("""COMPUTED_VALUE""")," 0309220004625") -> 0309220004625 | AP43: =IFERROR(__xludf.DUMMYFUNCTION("""COMPUTED_VALUE"""),"53202 ( AKTIFITAS AGEN KURIR )") -> 53202 ( AKTIFITAS AGEN KURIR ) | AT43: =IFERROR(__xludf.DUMMYFUNCTION("""COMPUTED_VALUE"""),"-77247374") -> -77247374 | AU43: =IFERROR(__xludf.DUMMYFUNCTION("""COMPUTED_VALUE"""),"110.554789") -> 110.554789 | AV43: =IFERROR(__xludf.DUMMYFUNCTION("""COMPUTED_VALUE"""),"ADA") -> ADA | AW43: =IFERROR(__xludf.DUMMYFUNCTION("""COMPUTED_VALUE"""),"ADA") -> ADA | BA43: =IFERROR(__xludf.DUMMYFUNCTION("""COMPUTED_VALUE"""),"ADA") -> ADA | BB43: =IFERROR(__xludf.DUMMYFUNCTION("""COMPUTED_VALUE"""),"ADA") -> ADA | BC43: =IFERROR(__xludf.DUMMYFUNCTION("""COMPUTED_VALUE"""),"ADA") -> ADA | BD43: =IFERROR(__xludf.DUMMYFUNCTION("""COMPUTED_VALUE"""),"ADA") -> ADA | BE43: =IFERROR(__xludf.DUMMYFUNCTION("""COMPUTED_VALUE"""),"ADA") -> ADA | BF43: =IFERROR(__xludf.DUMMYFUNCTION("""COMPUTED_VALUE"""),"ADA") -> ADA | BG43: =IFERROR(__xludf.DUMMYFUNCTION("""COMPUTED_VALUE"""),"ADA") -> ADA | BH43: =IFERROR(__xludf.DUMMYFUNCTION("""COMPUTED_VALUE"""),"EPSON L120") -> EPSON L120 | BI43: =IFERROR(__xludf.DUMMYFUNCTION("""COMPUTED_VALUE"""),"ADA") -> ADA | BJ43: =IFERROR(__xludf.DUMMYFUNCTION("""COMPUTED_VALUE"""),"KERTAS HVS") -> KERTAS HVS | BK43: =IFERROR(__xludf.DUMMYFUNCTION("""COMPUTED_VALUE"""),"BELUM ADA") -> BELUM ADA | BV43: =IFERROR(__xludf.DUMMYFUNCTION("""COMPUTED_VALUE"""),"Jl.Sumberan Rt.011 Rw.008 Kel.Bakung Kec.Jogonalan") -> Jl.Sumberan Rt.011 Rw.008 Kel.Bakung Kec.Jogonalan
A44: =IFERROR(__xludf.DUMMYFUNCTION("""COMPUTED_VALUE"""),41.0) -> 41 | B44: =IFERROR(__xludf.DUMMYFUNCTION("""COMPUTED_VALUE"""),"07 SEPTEMBER 2022") -> 07 SEPTEMBER 2022 | C44: =IFERROR(__xludf.DUMMYFUNCTION("""COMPUTED_VALUE"""),"07 SEPTEMBER 2022") -> 07 SEPTEMBER 2022 | P44: =IFERROR(__xludf.DUMMYFUNCTION("""COMPUTED_VALUE"""),"53BSPA23240JBRAB") -> 53BSPA23240JBRAB | Q44: =IFERROR(__xludf.DUMMYFUNCTION("""COMPUTED_VALUE"""),"LOKET DEFI CELL") -> LOKET DEFI CELL | R44: =IFERROR(__xludf.DUMMYFUNCTION("""COMPUTED_VALUE"""),"LOKET DEFI CELL") -> LOKET DEFI CELL | S44: =IFERROR(__xludf.DUMMYFUNCTION("""COMPUTED_VALUE"""),"Dewi Novitasari") -> Dewi Novitasari | T44: =IFERROR(__xludf.DUMMYFUNCTION("""COMPUTED_VALUE"""),"Jl.Blok Kamis Rt.003/004") -> Jl.Blok Kamis Rt.003/004 | U44: =IFERROR(__xludf.DUMMYFUNCTION("""COMPUTED_VALUE"""),"BLOK RABU RT.01/01") -> BLOK RABU RT.01/01 | W44: =IFERROR(__xludf.DUMMYFUNCTION("""COMPUTED_VALUE"""),"DESA SINDANG") -> DESA SINDANG | X44: =IFERROR(__xludf.DUMMYFUNCTION("""COMPUTED_VALUE"""),"SINDANG") -> SINDANG | Y44: =IFERROR(__xludf.DUMMYFUNCTION("""COMPUTED_VALUE"""),"KAB MAJALENGKA") -> KAB MAJALENGKA | Z44: =IFERROR(__xludf.DUMMYFUNCTION("""COMPUTED_VALUE"""),"JAWA BARAT") -> JAWA BARAT | AA44: =IFERROR(__xludf.DUMMYFUNCTION("""COMPUTED_VALUE"""),"45471") -> 45471 | AB44: =IFERROR(__xludf.DUMMYFUNCTION("""COMPUTED_VALUE"""),"3210256408900021") -> 3210256408900021 | AC44: =IFERROR(__xludf.DUMMYFUNCTION("""COMPUTED_VALUE"""),"64.199.651.7-438.000") -> 64.199.651.7-438.000 | AD44: =IFERROR(__xludf.DUMMYFUNCTION("""COMPUTED_VALUE"""),"CUM - ABD") -> CUM - ABD | AE44: =IFERROR(__xludf.DUMMYFUNCTION("""COMPUTED_VALUE"""),"SUB ABDUL QODIR") -> SUB ABDUL QODIR | AF44: =IFERROR(__xludf.DUMMYFUNCTION("""COMPUTED_VALUE"""),"082118481515") -> 082118481515 | AG44: =IFERROR(__xludf.DUMMYFUNCTION("""COMPUTED_VALUE"""),"'082118481515") -> '082118481515 | AH44: =IFERROR(__xludf.DUMMYFUNCTION("""COMPUTED_VALUE"""),"dewinovitasari247@gmail.com") -> dewinovitasari247@gmail.com | AI44: =IFERROR(__xludf.DUMMYFUNCTION("""COMPUTED_VALUE"""),"45478S1") -> 45478S1 | AJ44: =IFERROR(__xludf.DUMMYFUNCTION("""COMPUTED_VALUE"""),"63218999fe5aee6d791c63ac") -> 63218999fe5aee6d791c63ac | AK44: =IFERROR(__xludf.DUMMYFUNCTION("""COMPUTED_VALUE"""),"dm45478s1") -> dm45478s1 | AL44: =IFERROR(__xludf.DUMMYFUNCTION("""COMPUTED_VALUE"""),"password") -> password | AM44: =IFERROR(__xludf.DUMMYFUNCTION("""COMPUTED_VALUE"""),"KANTOR REGIONAL III BANDUNG 40004") -> KANTOR REGIONAL III BANDUNG 40004 | AN44: =IFERROR(__xludf.DUMMYFUNCTION("""COMPUTED_VALUE"""),"KCP SUKAHAJI") -> KCP SUKAHAJI | AO44: =IFERROR(__xludf.DUMMYFUNCTION("""COMPUTED_VALUE"""),"0709220044049") -> 0709220044049 | AP44: =IFERROR(__xludf.DUMMYFUNCTION("""COMPUTED_VALUE"""),"53202 ( AKTIFITAS AGEN KURIR )") -> 53202 ( AKTIFITAS AGEN KURIR ) | AT44: =IFERROR(__xludf.DUMMYFUNCTION("""COMPUTED_VALUE"""),"-68,344,439") -> -68,344,439 | AU44: =IFERROR(__xludf.DUMMYFUNCTION("""COMPUTED_VALUE"""),"1,083,245,244") -> 1,083,245,244 | AV44: =IFERROR(__xludf.DUMMYFUNCTION("""COMPUTED_VALUE"""),"ADA") -> ADA | AW44: =IFERROR(__xludf.DUMMYFUNCTION("""COMPUTED_VALUE"""),"ADA") -> ADA | BA44: =IFERROR(__xludf.DUMMYFUNCTION("""COMPUTED_VALUE"""),"ADA") -> ADA | BB44: =IFERROR(__xludf.DUMMYFUNCTION("""COMPUTED_VALUE"""),"ADA") -> ADA | BC44: =IFERROR(__xludf.DUMMYFUNCTION("""COMPUTED_VALUE"""),"ADA") -> ADA | BD44: =IFERROR(__xludf.DUMMYFUNCTION("""COMPUTED_VALUE"""),"ADA") -> ADA | BE44: =IFERROR(__xludf.DUMMYFUNCTION("""COMPUTED_VALUE"""),"ADA") -> ADA | BF44: =IFERROR(__xludf.DUMMYFUNCTION("""COMPUTED_VALUE"""),"ADA") -> ADA | BG44: =IFERROR(__xludf.DUMMYFUNCTION("""COMPUTED_VALUE"""),"ADA") -> ADA | BI44: =IFERROR(__xludf.DUMMYFUNCTION("""COMPUTED_VALUE"""),"ADA") -> ADA | BV44: =IFERROR(__xludf.DUMMYFUNCTION("""COMPUTED_VALUE"""),"Jl.Blok Kamis Rt.003/004") -> Jl.Blok Kamis Rt.003/004
A45: =IFERROR(__xludf.DUMMYFUNCTION("""COMPUTED_VALUE"""),42.0) -> 42 | B45: =IFERROR(__xludf.DUMMYFUNCTION("""COMPUTED_VALUE"""),"07 SEPTEMBER 2022") -> 07 SEPTEMBER 2022 | C45: =IFERROR(__xludf.DUMMYFUNCTION("""COMPUTED_VALUE"""),"07 SEPTEMBER 2022") -> 07 SEPTEMBER 2022 | P45: =IFERROR(__xludf.DUMMYFUNCTION("""COMPUTED_VALUE"""),"53BSPA16189JBNDS") -> 53BSPA16189JBNDS | Q45: =IFERROR(__xludf.DUMMYFUNCTION("""COMPUTED_VALUE"""),"BBS LINK") -> BBS LINK | R45: =IFERROR(__xludf.DUMMYFUNCTION("""COMPUTED_VALUE"""),"BBS LINK") -> BBS LINK | S45: =IFERROR(__xludf.DUMMYFUNCTION("""COMPUTED_VALUE"""),"Oki Abdul Roki") -> Oki Abdul Roki | T45: =IFERROR(__xludf.DUMMYFUNCTION("""COMPUTED_VALUE"""),"Kp.Bobos Rt.001/003") -> Kp.Bobos Rt.001/003 | U45: =IFERROR(__xludf.DUMMYFUNCTION("""COMPUTED_VALUE"""),"KP.BOBOS RT.001/003 KEL.MANDALAJAYA KEC.CIKALONG KAB.TASIKMALAYA JAWA BARAT") -> KP.BOBOS RT.001/003 KEL.MANDALAJAYA KEC.CIKALONG KAB.TASIKMALAYA JAWA BARAT | W45: =IFERROR(__xludf.DUMMYFUNCTION("""COMPUTED_VALUE"""),"MANDALAJAYA") -> MANDALAJAYA | X45: =IFERROR(__xludf.DUMMYFUNCTION("""COMPUTED_VALUE"""),"CIKALONG") -> CIKALONG | Y45: =IFERROR(__xludf.DUMMYFUNCTION("""COMPUTED_VALUE"""),"KAB.TASIKMALAYA") -> KAB.TASIKMALAYA | Z45: =IFERROR(__xludf.DUMMYFUNCTION("""COMPUTED_VALUE"""),"JAWA BARAT") -> JAWA BARAT | AA45: =IFERROR(__xludf.DUMMYFUNCTION("""COMPUTED_VALUE"""),"46195") -> 46195 | AB45: =IFERROR(__xludf.DUMMYFUNCTION("""COMPUTED_VALUE"""),"3206030501900002") -> 3206030501900002 | AC45: =IFERROR(__xludf.DUMMYFUNCTION("""COMPUTED_VALUE"""),"72.890.754.4-425.000") -> 72.890.754.4-425.000 | AD45: =IFERROR(__xludf.DUMMYFUNCTION("""COMPUTED_VALUE"""),"CUM - NDS") -> CUM - NDS | AE45: =IFERROR(__xludf.DUMMYFUNCTION("""COMPUTED_VALUE"""),"NURUL DIMAS") -> NURUL DIMAS | AF45: =IFERROR(__xludf.DUMMYFUNCTION("""COMPUTED_VALUE"""),"085728111484") -> 085728111484 | AG45: =IFERROR(__xludf.DUMMYFUNCTION("""COMPUTED_VALUE"""),"085728111484") -> 085728111484 | AH45: =IFERROR(__xludf.DUMMYFUNCTION("""COMPUTED_VALUE"""),"okiadv90@gmail.com") -> okiadv90@gmail.com | AI45: =IFERROR(__xludf.DUMMYFUNCTION("""COMPUTED_VALUE"""),"46495S3") -> 46495S3 | AJ45: =IFERROR(__xludf.DUMMYFUNCTION("""COMPUTED_VALUE"""),"635fe08bbaf575657c0db965") -> 635fe08bbaf575657c0db965 | AK45: =IFERROR(__xludf.DUMMYFUNCTION("""COMPUTED_VALUE"""),"dm46495s3") -> dm46495s3 | AL45: =IFERROR(__xludf.DUMMYFUNCTION("""COMPUTED_VALUE"""),"password") -> password | AM45: =IFERROR(__xludf.DUMMYFUNCTION("""COMPUTED_VALUE"""),"KANTOR REGIONAL III BANDUNG 40004") -> KANTOR REGIONAL III BANDUNG 40004 | AN45: =IFERROR(__xludf.DUMMYFUNCTION("""COMPUTED_VALUE"""),"KCP CIKALONG") -> KCP CIKALONG | AO45: =IFERROR(__xludf.DUMMYFUNCTION("""COMPUTED_VALUE"""),"0709220054502") -> 0709220054502 | AP45: =IFERROR(__xludf.DUMMYFUNCTION("""COMPUTED_VALUE"""),"53202 ( AKTIFITAS AGEN KURIR )") -> 53202 ( AKTIFITAS AGEN KURIR ) | AT45: =IFERROR(__xludf.DUMMYFUNCTION("""COMPUTED_VALUE"""),"-7.7686345") -> -7.7686345 | AU45: =IFERROR(__xludf.DUMMYFUNCTION("""COMPUTED_VALUE"""),"108.1766297") -> 108.1766297 | AV45: =IFERROR(__xludf.DUMMYFUNCTION("""COMPUTED_VALUE"""),"ADA") -> ADA | AW45: =IFERROR(__xludf.DUMMYFUNCTION("""COMPUTED_VALUE"""),"ADA") -> ADA | BA45: =IFERROR(__xludf.DUMMYFUNCTION("""COMPUTED_VALUE"""),"ADA") -> ADA | BB45: =IFERROR(__xludf.DUMMYFUNCTION("""COMPUTED_VALUE"""),"ADA") -> ADA | BC45: =IFERROR(__xludf.DUMMYFUNCTION("""COMPUTED_VALUE"""),"ADA") -> ADA | BD45: =IFERROR(__xludf.DUMMYFUNCTION("""COMPUTED_VALUE"""),"ADA") -> ADA | BE45: =IFERROR(__xludf.DUMMYFUNCTION("""COMPUTED_VALUE"""),"ADA") -> ADA | BF45: =IFERROR(__xludf.DUMMYFUNCTION("""COMPUTED_VALUE"""),"ADA") -> ADA | BG45: =IFERROR(__xludf.DUMMYFUNCTION("""COMPUTED_VALUE"""),"ADA") -> ADA | BH45: =IFERROR(__xludf.DUMMYFUNCTION("""COMPUTED_VALUE"""),"ADA") -> ADA | BI45: =IFERROR(__xludf.DUMMYFUNCTION("""COMPUTED_VALUE"""),"SEDANG PESAN") -> SEDANG PESAN | BJ45: =IFERROR(__xludf.DUMMYFUNCTION("""COMPUTED_VALUE"""),"ADA") -> ADA | BK45: =IFERROR(__xludf.DUMMYFUNCTION("""COMPUTED_VALUE"""),"BELUM ADA") -> BELUM ADA | BV45: =IFERROR(__xludf.DUMMYFUNCTION("""COMPUTED_VALUE"""),"Kp.Bobos Rt.001/003") -> Kp.Bobos Rt.001/003
A46: =IFERROR(__xludf.DUMMYFUNCTION("""COMPUTED_VALUE"""),43.0) -> 43 | B46: =IFERROR(__xludf.DUMMYFUNCTION("""COMPUTED_VALUE"""),"09 SEPTEMBER 2022") -> 09 SEPTEMBER 2022 | C46: =IFERROR(__xludf.DUMMYFUNCTION("""COMPUTED_VALUE"""),"09 SEPTEMBER 2022") -> 09 SEPTEMBER 2022 | K46: =IFERROR(__xludf.DUMMYFUNCTION("""COMPUTED_VALUE"""),"Respon Loket kurang bersahabat") -> Respon Loket kurang bersahabat | P46: =IFERROR(__xludf.DUMMYFUNCTION("""COMPUTED_VALUE"""),"52BSPA07246JTWWK") -> 52BSPA07246JTWWK | Q46: =IFERROR(__xludf.DUMMYFUNCTION("""COMPUTED_VALUE"""),"LOKET Qurrata A'yun") -> LOKET Qurrata A'yun | R46: =IFERROR(__xludf.DUMMYFUNCTION("""COMPUTED_VALUE"""),"LOKET Qurrata A'yun") -> LOKET Qurrata A'yun | S46: =IFERROR(__xludf.DUMMYFUNCTION("""COMPUTED_VALUE"""),"ANANG WURYANTO") -> ANANG WURYANTO | T46: =IFERROR(__xludf.DUMMYFUNCTION("""COMPUTED_VALUE"""),"JL.PONDOK DUSTIRA NO.234A. RT.009/006 KEL.PADASUKA KEC.CIMAHI TENGAH KOTA CIMAHI 40526") -> JL.PONDOK DUSTIRA NO.234A. RT.009/006 KEL.PADASUKA KEC.CIMAHI TENGAH KOTA CIMAHI 40526 | U46: =IFERROR(__xludf.DUMMYFUNCTION("""COMPUTED_VALUE"""),"JL.PONDOK DUSTIRA NO.234A RT.009/006 KEL.PADASUKA KEC.CIMAHI TENGAH KOTA CIMAHI 40526") -> JL.PONDOK DUSTIRA NO.234A RT.009/006 KEL.PADASUKA KEC.CIMAHI TENGAH KOTA CIMAHI 40526 | V46: =IFERROR(__xludf.DUMMYFUNCTION("""COMPUTED_VALUE"""),"009/006") -> 009/006 | W46: =IFERROR(__xludf.DUMMYFUNCTION("""COMPUTED_VALUE"""),"KEL.PADASUKA") -> KEL.PADASUKA | X46: =IFERROR(__xludf.DUMMYFUNCTION("""COMPUTED_VALUE"""),"KEC.CIMAHI TENGAH") -> KEC.CIMAHI TENGAH | Y46: =IFERROR(__xludf.DUMMYFUNCTION("""COMPUTED_VALUE"""),"KOTA CIMAHI") -> KOTA CIMAHI | Z46: =IFERROR(__xludf.DUMMYFUNCTION("""COMPUTED_VALUE"""),"JAWA BARAT") -> JAWA BARAT | AA46: =IFERROR(__xludf.DUMMYFUNCTION("""COMPUTED_VALUE"""),"40526") -> 40526 | AB46: =IFERROR(__xludf.DUMMYFUNCTION("""COMPUTED_VALUE"""),"3277020311650010") -> 3277020311650010 | AC46: =IFERROR(__xludf.DUMMYFUNCTION("""COMPUTED_VALUE"""),"80.862.898.6-421.000") -> 80.862.898.6-421.000 | AE46: =IFERROR(__xludf.DUMMYFUNCTION("""COMPUTED_VALUE"""),"BAYU KANEKO") -> BAYU KANEKO | AF46: =IFERROR(__xludf.DUMMYFUNCTION("""COMPUTED_VALUE"""),"085659428094") -> 085659428094 | AG46: =IFERROR(__xludf.DUMMYFUNCTION("""COMPUTED_VALUE"""),"'085659428094") -> '085659428094 | AH46: =IFERROR(__xludf.DUMMYFUNCTION("""COMPUTED_VALUE"""),"sosisjawaojolali@gmail.com") -> sosisjawaojolali@gmail.com | AN46: =IFERROR(__xludf.DUMMYFUNCTION("""COMPUTED_VALUE"""),"KANTOR POS CIMAHI") -> KANTOR POS CIMAHI | AO46: =IFERROR(__xludf.DUMMYFUNCTION("""COMPUTED_VALUE"""),"0509220039222") -> 0509220039222 | AP46: =IFERROR(__xludf.DUMMYFUNCTION("""COMPUTED_VALUE"""),"53202 ( AKTIFITAS AGEN KURIR )") -> 53202 ( AKTIFITAS AGEN KURIR ) | AT46: =IFERROR(__xludf.DUMMYFUNCTION("""COMPUTED_VALUE"""),"-6.8745608") -> -6.8745608 | AU46: =IFERROR(__xludf.DUMMYFUNCTION("""COMPUTED_VALUE"""),"107.5232523") -> 107.5232523 | AV46: =IFERROR(__xludf.DUMMYFUNCTION("""COMPUTED_VALUE"""),"ADA") -> ADA | AW46: =IFERROR(__xludf.DUMMYFUNCTION("""COMPUTED_VALUE"""),"ADA") -> ADA | BA46: =IFERROR(__xludf.DUMMYFUNCTION("""COMPUTED_VALUE"""),"ADA") -> ADA | BB46: =IFERROR(__xludf.DUMMYFUNCTION("""COMPUTED_VALUE"""),"ADA") -> ADA | BC46: =IFERROR(__xludf.DUMMYFUNCTION("""COMPUTED_VALUE"""),"ADA") -> ADA | BD46: =IFERROR(__xludf.DUMMYFUNCTION("""COMPUTED_VALUE"""),"ADA") -> ADA | BE46: =IFERROR(__xludf.DUMMYFUNCTION("""COMPUTED_VALUE"""),"ADA") -> ADA
A47: =IFERROR(__xludf.DUMMYFUNCTION("""COMPUTED_VALUE"""),44.0) -> 44 | B47: =IFERROR(__xludf.DUMMYFUNCTION("""COMPUTED_VALUE"""),"09 SEPTEMBER 2022") -> 09 SEPTEMBER 2022 | C47: =IFERROR(__xludf.DUMMYFUNCTION("""COMPUTED_VALUE"""),"09 SEPTEMBER 2022") -> 09 SEPTEMBER 2022 | F47: =IFERROR(__xludf.DUMMYFUNCTION("""COMPUTED_VALUE"""),"28 OKTOBER 2022") -> 28 OKTOBER 2022 | G47: =IFERROR(__xludf.DUMMYFUNCTION("""COMPUTED_VALUE"""),44862.0) -> 44862 | P47: =IFERROR(__xludf.DUMMYFUNCTION("""COMPUTED_VALUE"""),"KH3SPA22182JTYNA") -> KH3SPA22182JTYNA | Q47: =IFERROR(__xludf.DUMMYFUNCTION("""COMPUTED_VALUE"""),"LOKET TOKO AN NUR") -> LOKET TOKO AN NUR | R47: =IFERROR(__xludf.DUMMYFUNCTION("""COMPUTED_VALUE"""),"LOKET TOKO AN NUR") -> LOKET TOKO AN NUR | S47: =IFERROR(__xludf.DUMMYFUNCTION("""COMPUTED_VALUE"""),"Nur Achmad Syarifuddin") -> Nur Achmad Syarifuddin | T47: =IFERROR(__xludf.DUMMYFUNCTION("""COMPUTED_VALUE"""),"Jl.Waringinrejo Rt.033/000 Kel.Mojopuro Kec.Sumberlawang Jawa Tengah") -> Jl.Waringinrejo Rt.033/000 Kel.Mojopuro Kec.Sumberlawang Jawa Tengah | U47: =IFERROR(__xludf.DUMMYFUNCTION("""COMPUTED_VALUE"""),"JL.WARINGINREJO RT.033/000 KEL.MOJOPURO KEC.SUMBERLAWANG JAWA TENGAH") -> JL.WARINGINREJO RT.033/000 KEL.MOJOPURO KEC.SUMBERLAWANG JAWA TENGAH | V47: =IFERROR(__xludf.DUMMYFUNCTION("""COMPUTED_VALUE"""),"033/000") -> 033/000 | W47: =IFERROR(__xludf.DUMMYFUNCTION("""COMPUTED_VALUE"""),"KEL.MOJOPURO") -> KEL.MOJOPURO | X47: =IFERROR(__xludf.DUMMYFUNCTION("""COMPUTED_VALUE"""),"KEC.SUMBERLAWANG") -> KEC.SUMBERLAWANG | Y47: =IFERROR(__xludf.DUMMYFUNCTION("""COMPUTED_VALUE"""),"KAB.SRAGEN") -> KAB.SRAGEN | Z47: =IFERROR(__xludf.DUMMYFUNCTION("""COMPUTED_VALUE"""),"JAWA TENGAH") -> JAWA TENGAH | AA47: =IFERROR(__xludf.DUMMYFUNCTION("""COMPUTED_VALUE"""),"57272") -> 57272 | AB47: =IFERROR(__xludf.DUMMYFUNCTION("""COMPUTED_VALUE"""),"3314150805860003") -> 3314150805860003 | AC47: =IFERROR(__xludf.DUMMYFUNCTION("""COMPUTED_VALUE"""),"74.389.113.7-528.000") -> 74.389.113.7-528.000 | AD47: =IFERROR(__xludf.DUMMYFUNCTION("""COMPUTED_VALUE"""),"CUM - YNA") -> CUM - YNA | AE47: =IFERROR(__xludf.DUMMYFUNCTION("""COMPUTED_VALUE"""),"SUB YOHANNITA") -> SUB YOHANNITA | AF47: =IFERROR(__xludf.DUMMYFUNCTION("""COMPUTED_VALUE"""),"082223990000") -> 082223990000 | AG47: =IFERROR(__xludf.DUMMYFUNCTION("""COMPUTED_VALUE"""),"'082223990000") -> '082223990000 | AH47: =IFERROR(__xludf.DUMMYFUNCTION("""COMPUTED_VALUE"""),"annurproliman2@gmail.com") -> annurproliman2@gmail.com | AI47: =IFERROR(__xludf.DUMMYFUNCTION("""COMPUTED_VALUE"""),"57272S1") -> 57272S1 | AJ47: =IFERROR(__xludf.DUMMYFUNCTION("""COMPUTED_VALUE"""),"632e98ad90cce13007751235") -> 632e98ad90cce13007751235 | AK47: =IFERROR(__xludf.DUMMYFUNCTION("""COMPUTED_VALUE"""),"dm57272s1") -> dm57272s1 | AL47: =IFERROR(__xludf.DUMMYFUNCTION("""COMPUTED_VALUE"""),"password") -> password | AM47: =IFERROR(__xludf.DUMMYFUNCTION("""COMPUTED_VALUE"""),"KANTOR REGIONAL IV SEMARANG 50004") -> KANTOR REGIONAL IV SEMARANG 50004 | AN47: =IFERROR(__xludf.DUMMYFUNCTION("""COMPUTED_VALUE"""),"KANTOR POS SRAGEN") -> KANTOR POS SRAGEN | AO47: =IFERROR(__xludf.DUMMYFUNCTION("""COMPUTED_VALUE"""),"0809220014262") -> 0809220014262 | AP47: =IFERROR(__xludf.DUMMYFUNCTION("""COMPUTED_VALUE"""),"53202 ( AKTIFITAS AGEN KURIR )") -> 53202 ( AKTIFITAS AGEN KURIR ) | AT47: =IFERROR(__xludf.DUMMYFUNCTION("""COMPUTED_VALUE"""),"-7.3448373") -> -7.3448373 | AU47: =IFERROR(__xludf.DUMMYFUNCTION("""COMPUTED_VALUE"""),"110.86956") -> 110.86956 | AV47: =IFERROR(__xludf.DUMMYFUNCTION("""COMPUTED_VALUE"""),"ADA") -> ADA | AW47: =IFERROR(__xludf.DUMMYFUNCTION("""COMPUTED_VALUE"""),"ADA") -> ADA | BA47: =IFERROR(__xludf.DUMMYFUNCTION("""COMPUTED_VALUE"""),"ADA") -> ADA | BB47: =IFERROR(__xludf.DUMMYFUNCTION("""COMPUTED_VALUE"""),"ADA") -> ADA | BC47: =IFERROR(__xludf.DUMMYFUNCTION("""COMPUTED_VALUE"""),"ADA") -> ADA | BD47: =IFERROR(__xludf.DUMMYFUNCTION("""COMPUTED_VALUE"""),"ADA") -> ADA | BE47: =IFERROR(__xludf.DUMMYFUNCTION("""COMPUTED_VALUE"""),"ADA") -> ADA | BF47: =IFERROR(__xludf.DUMMYFUNCTION("""COMPUTED_VALUE"""),"ADA") -> ADA | BG47: =IFERROR(__xludf.DUMMYFUNCTION("""COMPUTED_VALUE"""),"ADA") -> ADA | BH47: =IFERROR(__xludf.DUMMYFUNCTION("""COMPUTED_VALUE"""),"BELUM ADA") -> BELUM ADA | BI47: =IFERROR(__xludf.DUMMYFUNCTION("""COMPUTED_VALUE"""),"ADA") -> ADA | BJ47: =IFERROR(__xludf.DUMMYFUNCTION("""COMPUTED_VALUE"""),"BELUM ADA") -> BELUM ADA | BK47: =IFERROR(__xludf.DUMMYFUNCTION("""COMPUTED_VALUE"""),"BELUM ADA") -> BELUM ADA | BV47: =IFERROR(__xludf.DUMMYFUNCTION("""COMPUTED_VALUE"""),"Jl.Waringinrejo Rt.033/000 Kel.Mojopuro Kec.Sumberlawang Jawa Tengah") -> Jl.Waringinrejo Rt.033/000 Kel.Mojopuro Kec.Sumberlawang Jawa Tengah
